Hora,Tipo,Cantidad,Activo,Símbolo,ID de transacción (TXID)
2023-11-01 05:00:04,FUNDING_FEE,0.13972419,USDT,WLDUSDT,7720069683047219690
2023-11-01 13:00:05,FUNDING_FEE,0.13539362,USDT,WLDUSDT,7721277627835269240
2023-11-01 19:33:47,REALIZED_PNL,-2.91497248,USDT,WLDUSDT,94971123094369
2023-11-01 19:33:47,REALIZED_PNL,-3.14817028,USDT,WLDUSDT,94971123094368
2023-11-01 19:33:47,COMMISSION,-0.0095,USDT,WLDUSDT,94971123094369
2023-11-01 19:33:47,COMMISSION,-0.01026,USDT,WLDUSDT,94971123094368
2023-11-01 21:00:04,FUNDING_FEE,0.12731175,USDT,WLDUSDT,7722485595901707920
2023-11-02 05:00:04,FUNDING_FEE,0.12623045,USDT,WLDUSDT,7723693564555347710
2023-11-02 12:21:57,COMMISSION,-0.2038932,USDT,WLDUSDT,94971123669696
2023-11-02 12:21:57,REALIZED_PNL,8.09584663,USDT,WLDUSDT,94971123669694
2023-11-02 12:21:57,COMMISSION,-0.27683775,USDT,WLDUSDT,94971123669694
2023-11-02 12:21:57,REALIZED_PNL,5.96265529,USDT,WLDUSDT,94971123669696
2023-11-02 12:21:57,REALIZED_PNL,3.28974085,USDT,WLDUSDT,94971123669695
2023-11-02 12:21:57,COMMISSION,-0.1124928,USDT,WLDUSDT,94971123669695
2023-11-02 16:00:30,COMMISSION,-0.039672,USDT,WLDUSDT,94971123837955
2023-11-02 16:26:27,COMMISSION,-0.030618,USDT,WLDUSDT,94970123848600
2023-11-02 16:26:27,REALIZED_PNL,0.336,USDT,WLDUSDT,94970123848600
2023-11-02 16:26:27,COMMISSION,-0.06911315,USDT,WLDUSDT,94970123848599
2023-11-02 16:26:27,REALIZED_PNL,0.7663,USDT,WLDUSDT,94970123848599
2023-11-02 18:09:51,COMMISSION,-0.061327,USDT,WLDUSDT,94970123897913
2023-11-02 18:09:51,COMMISSION,-0.05870205,USDT,WLDUSDT,94970123897911
2023-11-02 18:09:51,COMMISSION,-0.03504199,USDT,WLDUSDT,94970123897916
2023-11-02 18:09:51,COMMISSION,-0.17522,USDT,WLDUSDT,94970123897914
2023-11-02 18:09:51,COMMISSION,-0.37582545,USDT,WLDUSDT,94970123897915
2023-11-02 18:09:51,COMMISSION,-0.0061327,USDT,WLDUSDT,94970123897912
2023-11-02 19:40:18,COMMISSION,-0.02436,USDT,WLDUSDT,94971123917682
2023-11-02 19:40:18,REALIZED_PNL,1.9233369,USDT,WLDUSDT,94971123917679
2023-11-02 19:40:18,REALIZED_PNL,0.34021549,USDT,WLDUSDT,94971123917682
2023-11-02 19:40:18,COMMISSION,-0.14528165,USDT,WLDUSDT,94971123917678
2023-11-02 19:40:18,REALIZED_PNL,1.64032472,USDT,WLDUSDT,94971123917683
2023-11-02 19:40:18,REALIZED_PNL,2.0898952,USDT,WLDUSDT,94971123917681
2023-11-02 19:40:18,REALIZED_PNL,2.04584243,USDT,WLDUSDT,94971123917678
2023-11-02 19:40:18,COMMISSION,-0.13397999,USDT,WLDUSDT,94971123917680
2023-11-02 19:40:18,COMMISSION,-0.14964,USDT,WLDUSDT,94971123917681
2023-11-02 19:40:18,COMMISSION,-0.13658215,USDT,WLDUSDT,94971123917679
2023-11-02 19:40:18,COMMISSION,-0.11745,USDT,WLDUSDT,94971123917683
2023-11-02 19:40:18,REALIZED_PNL,1.87118523,USDT,WLDUSDT,94971123917680
2023-11-02 22:56:37,COMMISSION,-0.28974499,USDT,WLDUSDT,94970124001368
2023-11-03 05:00:06,FUNDING_FEE,0.14965705,USDT,WLDUSDT,7727317432390045070
2023-11-03 13:00:06,FUNDING_FEE,0.15313665,USDT,WLDUSDT,7728525402973064600
2023-11-03 21:00:04,FUNDING_FEE,0.154809,USDT,WLDUSDT,7729733373723856210
2023-11-04 05:00:06,FUNDING_FEE,0.1568284,USDT,WLDUSDT,7730941330759272620
2023-11-04 13:00:06,FUNDING_FEE,0.15482611,USDT,WLDUSDT,7732149302894184130
2023-11-04 21:00:05,FUNDING_FEE,0.15599831,USDT,WLDUSDT,7733357298810801070
2023-11-05 05:00:06,FUNDING_FEE,0.15603342,USDT,WLDUSDT,7734565294056327220
2023-11-05 13:00:09,FUNDING_FEE,0.1528718,USDT,WLDUSDT,7735773272944067190
2023-11-05 21:00:10,FUNDING_FEE,0.15206777,USDT,WLDUSDT,7736981277081520910
2023-11-06 05:00:08,FUNDING_FEE,0.14967415,USDT,WLDUSDT,7738189258522095670
2023-11-06 13:00:09,FUNDING_FEE,0.15104851,USDT,WLDUSDT,7739397236738747600
2023-11-06 21:00:10,FUNDING_FEE,0.15213094,USDT,WLDUSDT,7740605246496567210
2023-11-07 05:00:03,FUNDING_FEE,0.1532225,USDT,WLDUSDT,7741812927085405300
2023-11-07 13:00:04,FUNDING_FEE,0.14584945,USDT,WLDUSDT,7743020912138775170
2023-11-07 21:00:04,FUNDING_FEE,0.15381994,USDT,WLDUSDT,7744228861079183650
2023-11-08 05:00:04,FUNDING_FEE,0.15122042,USDT,WLDUSDT,7745436820505355160
2023-11-08 13:00:04,FUNDING_FEE,0.1511851,USDT,WLDUSDT,7746644780812329130
2023-11-08 21:00:04,FUNDING_FEE,0.15301591,USDT,WLDUSDT,7747852746697728360
2023-11-09 05:00:04,FUNDING_FEE,0.15456234,USDT,WLDUSDT,7749060694505681530
2023-11-09 13:00:06,FUNDING_FEE,0.15587506,USDT,WLDUSDT,7750268648898686360
2023-11-09 13:13:07,REALIZED_PNL,10.144,USDT,WLDUSDT,94971127032835
2023-11-09 13:13:07,COMMISSION,-0.0541554,USDT,WLDUSDT,94971127032843
2023-11-09 13:13:07,COMMISSION,-0.0650546,USDT,WLDUSDT,94971127032837
2023-11-09 13:13:07,REALIZED_PNL,6.112,USDT,WLDUSDT,94971127032837
2023-11-09 13:13:07,REALIZED_PNL,2.464,USDT,WLDUSDT,94971127032842
2023-11-09 13:13:07,COMMISSION,-0.0054496,USDT,WLDUSDT,94971127032838
2023-11-09 13:13:07,REALIZED_PNL,4.672,USDT,WLDUSDT,94971127032836
2023-11-09 13:13:07,COMMISSION,-0.03406,USDT,WLDUSDT,94971127032844
2023-11-09 13:13:07,COMMISSION,-0.1079702,USDT,WLDUSDT,94971127032835
2023-11-09 13:13:07,REALIZED_PNL,2.816,USDT,WLDUSDT,94971127032843
2023-11-09 13:13:07,REALIZED_PNL,0.512,USDT,WLDUSDT,94971127032838
2023-11-09 13:13:07,COMMISSION,-0.0497276,USDT,WLDUSDT,94971127032836
2023-11-09 13:13:07,COMMISSION,-0.0262262,USDT,WLDUSDT,94971127032842
2023-11-09 13:13:07,COMMISSION,-0.0023842,USDT,WLDUSDT,94971127032852
2023-11-09 21:00:03,FUNDING_FEE,-0.0313098,USDT,WLDUSDT,7751476602494772120
2023-11-09 21:56:11,REALIZED_PNL,0.6752,USDT,WLDUSDT,94970127361204
2023-11-09 21:56:11,COMMISSION,-0.0139616,USDT,WLDUSDT,94970127361204
2023-11-09 21:56:11,COMMISSION,-0.0026175,USDT,WLDUSDT,94970127361206
2023-11-09 21:56:11,REALIZED_PNL,6.0203,USDT,WLDUSDT,94970127361205
2023-11-09 21:56:11,COMMISSION,-0.0139592,USDT,WLDUSDT,94970127361207
2023-11-09 21:56:11,COMMISSION,-0.12477465,USDT,WLDUSDT,94970127361205
2023-11-09 21:56:11,REALIZED_PNL,0.126,USDT,WLDUSDT,94970127361206
2023-11-09 21:56:11,REALIZED_PNL,0.6704,USDT,WLDUSDT,94970127361207
2023-11-10 04:27:54,COMMISSION,-0.30788,USDT,WLDUSDT,94971127458544
2023-11-10 05:00:03,FUNDING_FEE,-0.15522829,USDT,WLDUSDT,7752684565569986660
2023-11-10 09:06:57,COMMISSION,-0.01830464,USDT,WLDUSDT,94970127548053
2023-11-10 09:06:57,REALIZED_PNL,0.4893,USDT,WLDUSDT,94970127548053
2023-11-10 09:06:57,COMMISSION,-0.0732396,USDT,WLDUSDT,94970127548048
2023-11-10 09:06:57,COMMISSION,-0.00261555,USDT,WLDUSDT,94970127548050
2023-11-10 09:06:57,COMMISSION,-0.3948801,USDT,WLDUSDT,94970127548051
2023-11-10 09:06:57,COMMISSION,-0.1621362,USDT,WLDUSDT,94970127548052
2023-11-10 09:06:57,REALIZED_PNL,1.9992,USDT,WLDUSDT,94970127548048
2023-11-10 09:06:57,REALIZED_PNL,2.9591,USDT,WLDUSDT,94970127548054
2023-11-10 09:06:57,REALIZED_PNL,4.3524,USDT,WLDUSDT,94970127548052
2023-11-10 09:06:57,REALIZED_PNL,0.0711,USDT,WLDUSDT,94970127548050
2023-11-10 09:06:57,REALIZED_PNL,10.6002,USDT,WLDUSDT,94970127548051
2023-11-10 09:06:57,REALIZED_PNL,0.4977,USDT,WLDUSDT,94970127548049
2023-11-10 09:06:57,COMMISSION,-0.11069955,USDT,WLDUSDT,94970127548054
2023-11-10 09:06:57,COMMISSION,-0.01830885,USDT,WLDUSDT,94970127548049
2023-11-10 09:14:15,COMMISSION,-0.029155,USDT,WLDUSDT,94971127553634
2023-11-10 10:52:22,COMMISSION,-0.276458,USDT,WLDUSDT,94971127584181
2023-11-10 10:52:22,COMMISSION,-0.012005,USDT,WLDUSDT,94971127584180
2023-11-10 13:00:04,FUNDING_FEE,-0.15872566,USDT,WLDUSDT,7753892535314145580
2023-11-10 14:28:34,COMMISSION,-0.2403132,USDT,WLDUSDT,94970127678665
2023-11-10 14:28:34,REALIZED_PNL,4.3824,USDT,WLDUSDT,94970127678666
2023-11-10 14:28:34,COMMISSION,-0.078363,USDT,WLDUSDT,94970127678668
2023-11-10 14:28:34,REALIZED_PNL,9.0288,USDT,WLDUSDT,94970127678664
2023-11-10 14:28:34,COMMISSION,-0.034828,USDT,WLDUSDT,94970127678667
2023-11-10 14:28:34,REALIZED_PNL,0.3192,USDT,WLDUSDT,94970127678663
2023-11-10 14:28:34,REALIZED_PNL,2.376,USDT,WLDUSDT,94970127678668
2023-11-10 14:28:34,COMMISSION,-0.1445362,USDT,WLDUSDT,94970127678666
2023-11-10 14:28:34,COMMISSION,-0.0104496,USDT,WLDUSDT,94970127678663
2023-11-10 14:28:34,REALIZED_PNL,1.056,USDT,WLDUSDT,94970127678667
2023-11-10 14:28:34,REALIZED_PNL,7.2864,USDT,WLDUSDT,94970127678665
2023-11-10 14:28:34,COMMISSION,-0.2977794,USDT,WLDUSDT,94970127678664
2023-11-10 18:00:09,COMMISSION,-0.30788,USDT,WLDUSDT,94970127728355
2023-11-10 21:00:03,FUNDING_FEE,0.16867733,USDT,WLDUSDT,7755100486435596100
2023-11-11 05:00:03,FUNDING_FEE,0.1759055,USDT,WLDUSDT,7756308449301095010
2023-11-11 13:00:04,FUNDING_FEE,0.16648461,USDT,WLDUSDT,7757516403987702450
2023-11-11 21:00:04,FUNDING_FEE,0.33498714,USDT,WLDUSDT,7758724382623785580
2023-11-12 05:00:04,FUNDING_FEE,0.16403091,USDT,WLDUSDT,7759932341169153240
2023-11-12 13:00:08,FUNDING_FEE,0.16823712,USDT,WLDUSDT,7761140309571137250
2023-11-12 21:00:04,FUNDING_FEE,0.25999599,USDT,WLDUSDT,7762348271010572670
2023-11-13 05:00:03,FUNDING_FEE,0.16767554,USDT,WLDUSDT,7763556201957417620
2023-11-13 09:25:31,TRANSFER,180.8,USDT,,146414010629
2023-11-13 13:00:04,FUNDING_FEE,0.26178497,USDT,WLDUSDT,7764764122717801940
2023-11-13 16:33:36,REALIZED_PNL,-125.488,USDT,WLDUSDT,94971131511859
2023-11-13 16:33:36,COMMISSION,-0.0909696,USDT,WLDUSDT,94971131511859
2023-11-13 21:00:06,FUNDING_FEE,0.40142316,USDT,WLDUSDT,7765972080717905960
2023-11-14 05:00:04,FUNDING_FEE,0.1522014,USDT,WLDUSDT,7767180052559219540
2023-11-14 13:00:07,FUNDING_FEE,0.14888066,USDT,WLDUSDT,7768388021674234690
2023-11-14 21:00:04,FUNDING_FEE,0.15563199,USDT,WLDUSDT,7769595951698332800
2023-11-15 05:00:04,FUNDING_FEE,0.16439423,USDT,WLDUSDT,7770803913431372900
2023-11-15 13:00:06,FUNDING_FEE,0.16045536,USDT,WLDUSDT,7772011890599445470
2023-11-15 13:22:09,TRANSFER,118.28708388,USDT,,146621444958
2023-11-15 21:00:04,FUNDING_FEE,0.1594684,USDT,WLDUSDT,7773219834087265190
2023-11-16 05:00:06,FUNDING_FEE,0.16253744,USDT,WLDUSDT,7774427819224515830
2023-11-16 13:00:07,FUNDING_FEE,0.14881672,USDT,WLDUSDT,7775635777098797150
2023-11-16 21:00:04,FUNDING_FEE,0.14754376,USDT,WLDUSDT,7776843734260041530
2023-11-17 05:00:07,FUNDING_FEE,0.13974297,USDT,WLDUSDT,7778051695867251110
2023-11-17 13:00:05,FUNDING_FEE,0.13681293,USDT,WLDUSDT,7779259654370674540
2023-11-17 21:00:04,FUNDING_FEE,0.13487552,USDT,WLDUSDT,7780467596348539880
2023-11-18 05:00:03,FUNDING_FEE,0.12672023,USDT,WLDUSDT,7781675553593672190
2023-11-18 13:00:04,FUNDING_FEE,0.13441319,USDT,WLDUSDT,7782883544309351600
2023-11-18 21:00:07,FUNDING_FEE,0.13913049,USDT,WLDUSDT,7784091491907588480
2023-11-19 05:00:07,FUNDING_FEE,0.15789332,USDT,WLDUSDT,7785299462406718960
2023-11-19 13:00:05,FUNDING_FEE,0.16437616,USDT,WLDUSDT,7786507419567965960
2023-11-19 21:00:05,FUNDING_FEE,0.34975627,USDT,WLDUSDT,7787715388137722320
2023-11-20 05:00:05,FUNDING_FEE,0.55106525,USDT,WLDUSDT,7788923326005169810
2023-11-20 13:00:03,FUNDING_FEE,0.15697131,USDT,WLDUSDT,7790131267767627540
2023-11-20 21:00:03,FUNDING_FEE,0.14872676,USDT,WLDUSDT,7791339206767536270
2023-11-21 05:00:03,FUNDING_FEE,0.16198762,USDT,WLDUSDT,7792547166319538810
2023-11-21 13:00:03,FUNDING_FEE,0.23614773,USDT,WLDUSDT,7793755128388121620
2023-11-21 21:00:03,FUNDING_FEE,0.1511877,USDT,WLDUSDT,7794963078754593430
2023-11-22 05:00:03,FUNDING_FEE,0.16315046,USDT,WLDUSDT,7796171039271285150
2023-11-22 13:00:03,FUNDING_FEE,0.16909183,USDT,WLDUSDT,7797379018452625260
2023-11-22 21:00:03,FUNDING_FEE,0.16986205,USDT,WLDUSDT,7798586960724094960
2023-11-23 05:00:03,FUNDING_FEE,0.16478852,USDT,WLDUSDT,7799794941373447980
2023-11-23 13:00:03,FUNDING_FEE,0.15676338,USDT,WLDUSDT,7801002903190366410
2023-11-23 21:00:03,FUNDING_FEE,0.16086772,USDT,WLDUSDT,7802210875283340350
2023-11-24 05:00:04,FUNDING_FEE,0.16782777,USDT,WLDUSDT,7803418868641426300
2023-11-24 13:00:03,FUNDING_FEE,0.16699904,USDT,WLDUSDT,7804626766998533360
2023-11-24 21:00:03,FUNDING_FEE,0.16756137,USDT,WLDUSDT,7805834721894854080
2023-11-25 05:00:03,FUNDING_FEE,0.17987207,USDT,WLDUSDT,7807042684047320240
2023-11-25 05:10:55,TRANSFER,95.1,USDT,,147343595858
2023-11-25 13:00:03,FUNDING_FEE,0.18413753,USDT,WLDUSDT,7808250645696474350
2023-11-25 21:00:03,FUNDING_FEE,0.20456534,USDT,WLDUSDT,7809458606548706420
2023-11-26 05:00:03,FUNDING_FEE,0.17969953,USDT,WLDUSDT,7810666566478196910
2023-11-26 13:00:03,FUNDING_FEE,0.23802257,USDT,WLDUSDT,7811874527582089550
2023-11-26 21:00:03,FUNDING_FEE,0.17986596,USDT,WLDUSDT,7813082495942123810
2023-11-27 05:00:03,FUNDING_FEE,0.18303551,USDT,WLDUSDT,7814290459940090240
2023-11-27 13:00:03,FUNDING_FEE,0.16935938,USDT,WLDUSDT,7815498421840899860
2023-11-27 21:00:03,FUNDING_FEE,0.16954646,USDT,WLDUSDT,7816706361889386440
2023-11-28 05:00:03,FUNDING_FEE,0.16534886,USDT,WLDUSDT,7817914319763662460
2023-11-28 13:00:03,FUNDING_FEE,0.16574234,USDT,WLDUSDT,7819122284810201470
2023-11-28 21:00:03,FUNDING_FEE,0.1703747,USDT,WLDUSDT,7820330240713161960
2023-11-29 02:47:25,TRANSFER,109.24,USDT,,147631176266
2023-11-29 05:00:03,FUNDING_FEE,0.17307196,USDT,WLDUSDT,7821538216539059530
2023-11-29 13:00:03,FUNDING_FEE,0.16698384,USDT,WLDUSDT,7822746180746734990
2023-11-29 21:00:03,FUNDING_FEE,0.15831828,USDT,WLDUSDT,7823954121508255970
2023-11-30 05:00:03,FUNDING_FEE,0.16184138,USDT,WLDUSDT,7825162083996266620
2023-11-30 13:00:03,FUNDING_FEE,0.16309453,USDT,WLDUSDT,7826370046484282100
2023-11-30 21:00:03,FUNDING_FEE,0.16461274,USDT,WLDUSDT,7827578006329876640
2023-12-01 05:00:03,FUNDING_FEE,0.16666192,USDT,WLDUSDT,7828785965588280630
2023-12-01 13:00:03,FUNDING_FEE,0.1622131,USDT,WLDUSDT,7829993928621549610
2023-12-01 21:00:03,FUNDING_FEE,0.16227617,USDT,WLDUSDT,7831201887208860630
2023-12-02 05:00:03,FUNDING_FEE,0.16362255,USDT,WLDUSDT,7832409848816073130
2023-12-02 13:00:03,FUNDING_FEE,0.16535894,USDT,WLDUSDT,7833617810968542460
2023-12-02 21:00:03,FUNDING_FEE,0.17278052,USDT,WLDUSDT,7834825770226935260
2023-12-03 05:00:03,FUNDING_FEE,0.39753214,USDT,WLDUSDT,7836033729778935340
2023-12-03 13:00:03,FUNDING_FEE,0.18936097,USDT,WLDUSDT,7837241694406044710
2023-12-03 21:00:03,FUNDING_FEE,0.20591263,USDT,WLDUSDT,7838449656013251290
2023-12-04 05:00:03,FUNDING_FEE,0.80027456,USDT,WLDUSDT,7839657614936108450
2023-12-04 13:00:03,FUNDING_FEE,0.16013088,USDT,WLDUSDT,7840865559346668160
2023-12-04 21:00:03,FUNDING_FEE,0.33447868,USDT,WLDUSDT,7842073521666913050
2023-12-05 05:00:03,FUNDING_FEE,0.23769696,USDT,WLDUSDT,7843281490488324230
2023-12-05 13:00:03,FUNDING_FEE,0.16599284,USDT,WLDUSDT,7844489442993896360
2023-12-05 21:00:03,FUNDING_FEE,0.46967133,USDT,WLDUSDT,7845697398812963660
2023-12-06 05:00:03,FUNDING_FEE,0.20374764,USDT,WLDUSDT,7846905360294340350
2023-12-06 13:00:03,FUNDING_FEE,0.16661372,USDT,WLDUSDT,7848113328360778020
2023-12-06 21:00:03,FUNDING_FEE,0.16434993,USDT,WLDUSDT,7849321292274854040
2023-12-07 05:00:03,FUNDING_FEE,0.16508546,USDT,WLDUSDT,7850529244486827410
2023-12-07 13:00:03,FUNDING_FEE,0.16438968,USDT,WLDUSDT,7851737197369878590
2023-12-07 21:00:03,FUNDING_FEE,0.53320878,USDT,WLDUSDT,7852945155663589360
2023-12-08 05:00:03,FUNDING_FEE,0.55953085,USDT,WLDUSDT,7854153125449690060
2023-12-08 13:00:03,FUNDING_FEE,0.3985558,USDT,WLDUSDT,7855361089741257730
2023-12-08 21:00:03,FUNDING_FEE,0.49958962,USDT,WLDUSDT,7856569037591148610
2023-12-09 05:00:03,FUNDING_FEE,0.72520996,USDT,WLDUSDT,7857777001463278450
2023-12-09 13:00:04,FUNDING_FEE,0.41809166,USDT,WLDUSDT,7858984976450320730
2023-12-09 21:00:03,FUNDING_FEE,0.35136255,USDT,WLDUSDT,7860192921448082390
2023-12-10 05:00:03,FUNDING_FEE,0.64286303,USDT,WLDUSDT,7861400893918542630
2023-12-10 13:00:04,FUNDING_FEE,0.50084504,USDT,WLDUSDT,7862608857371243720
2023-12-10 21:00:03,FUNDING_FEE,0.89068413,USDT,WLDUSDT,7863816815664951900
2023-12-11 05:00:03,FUNDING_FEE,0.16609674,USDT,WLDUSDT,7865024764982850320
2023-12-11 13:00:03,FUNDING_FEE,0.16664868,USDT,WLDUSDT,7866232704108590490
2023-12-11 21:00:02,FUNDING_FEE,0.16551184,USDT,WLDUSDT,7867440658711313120
2023-12-12 05:00:03,FUNDING_FEE,0.1676142,USDT,WLDUSDT,7868648626190547690
2023-12-12 13:00:03,FUNDING_FEE,0.18635919,USDT,WLDUSDT,7869856579241374890
2023-12-12 21:00:03,FUNDING_FEE,0.25236355,USDT,WLDUSDT,7871064542022989540
2023-12-13 05:00:03,FUNDING_FEE,0.15819249,USDT,WLDUSDT,7872272512060750650
2023-12-13 13:00:03,FUNDING_FEE,0.17135248,USDT,WLDUSDT,7873480472283834440
2023-12-13 21:00:03,FUNDING_FEE,0.42727672,USDT,WLDUSDT,7874688439008098170
2023-12-14 03:26:06,COIN_SWAP_WITHDRAW,-9.38892826,BUSD,,787565999022088192
2023-12-14 03:26:06,COIN_SWAP_DEPOSIT,9.38892826,USDT,,787565999022088192
2023-12-14 05:00:03,FUNDING_FEE,0.4297092,USDT,WLDUSDT,7875896409968603140
2023-12-14 13:00:03,FUNDING_FEE,0.47787454,USDT,WLDUSDT,7877104340286305850
2023-12-14 21:00:03,FUNDING_FEE,1.05555316,USDT,WLDUSDT,7878312298412243270
2023-12-15 05:00:03,FUNDING_FEE,0.99222864,USDT,WLDUSDT,7879520273483163770
2023-12-15 13:00:03,FUNDING_FEE,0.9101454,USDT,WLDUSDT,7880728232909335250
2023-12-15 21:00:03,FUNDING_FEE,0.31733413,USDT,WLDUSDT,7881936182730548380
2023-12-16 05:00:03,FUNDING_FEE,0.64111842,USDT,WLDUSDT,7883144147693200280
2023-12-16 13:00:03,FUNDING_FEE,0.89894016,USDT,WLDUSDT,7884352113494716710
2023-12-16 13:03:34,REALIZED_PNL,-346.098,USDT,WLDUSDT,94971170119269
2023-12-16 13:03:34,REALIZED_PNL,-124.704,USDT,WLDUSDT,94971170119267
2023-12-16 13:03:34,REALIZED_PNL,-48.3197,USDT,WLDUSDT,94971170119266
2023-12-16 13:03:34,REALIZED_PNL,-48.3259,USDT,WLDUSDT,94971170119268
2023-12-16 13:03:34,REALIZED_PNL,-59.2724,USDT,WLDUSDT,94971170119271
2023-12-16 13:03:34,INSURANCE_CLEAR,-20.91025341,USDT,WLDUSDT,7884360991242444800
2023-12-16 13:03:34,REALIZED_PNL,-427.3304,USDT,WLDUSDT,94971170119270
2023-12-27 03:26:31,TRANSFER,159.47,USDT,,150385579336
2023-12-28 14:26:15,COMMISSION,-0.0402845,USDT,WLDUSDT,94970197584761
2023-12-28 14:26:15,COMMISSION,-0.0525495,USDT,WLDUSDT,94970197584760
2023-12-28 14:26:15,COMMISSION,-0.0157626,USDT,WLDUSDT,94970197584763
2023-12-28 14:26:15,COMMISSION,-0.0297738,USDT,WLDUSDT,94970197584764
2023-12-28 14:26:15,COMMISSION,-0.0070054,USDT,WLDUSDT,94970197584766
2023-12-28 14:26:15,COMMISSION,-0.0105081,USDT,WLDUSDT,94970197584765
2023-12-28 14:26:15,COMMISSION,-0.0105087,USDT,WLDUSDT,94970197584762
2023-12-28 14:26:15,COMMISSION,-0.0140132,USDT,WLDUSDT,94970197584759
2023-12-28 14:27:51,REALIZED_PNL,0.04660194,USDT,WLDUSDT,94971197585218
2023-12-28 14:27:51,COMMISSION,-0.0139888,USDT,WLDUSDT,94971197585218
2023-12-28 14:27:51,COMMISSION,-0.0139888,USDT,WLDUSDT,94971197585217
2023-12-28 14:27:51,COMMISSION,-0.0139888,USDT,WLDUSDT,94971197585220
2023-12-28 14:27:51,REALIZED_PNL,0.04660194,USDT,WLDUSDT,94971197585219
2023-12-28 14:27:51,COMMISSION,-0.0139888,USDT,WLDUSDT,94971197585219
2023-12-28 14:27:51,COMMISSION,-0.0104919,USDT,WLDUSDT,94971197585221
2023-12-28 14:27:51,REALIZED_PNL,0.04660194,USDT,WLDUSDT,94971197585220
2023-12-28 14:27:51,REALIZED_PNL,0.04660194,USDT,WLDUSDT,94971197585217
2023-12-28 14:27:51,COMMISSION,-0.05770545,USDT,WLDUSDT,94971197585222
2023-12-28 14:27:51,REALIZED_PNL,0.17475728,USDT,WLDUSDT,94971197585215
2023-12-28 14:27:51,REALIZED_PNL,0.188933,USDT,WLDUSDT,94971197585222
2023-12-28 14:27:51,COMMISSION,-0.0034972,USDT,WLDUSDT,94971197585216
2023-12-28 14:27:51,REALIZED_PNL,0.03435145,USDT,WLDUSDT,94971197585221
2023-12-28 14:27:51,COMMISSION,-0.052458,USDT,WLDUSDT,94971197585215
2023-12-28 14:27:51,REALIZED_PNL,0.01165048,USDT,WLDUSDT,94971197585216
2023-12-28 14:48:47,COMMISSION,-0.06228,USDT,WLDUSDT,94971197592920
2023-12-28 20:20:16,COMMISSION,-0.07,USDT,WLDUSDT,94970197706980
2023-12-28 20:20:27,REALIZED_PNL,1.3024,USDT,WLDUSDT,94970197707128
2023-12-28 20:20:27,REALIZED_PNL,1.1256,USDT,WLDUSDT,94970197707130
2023-12-28 20:20:27,COMMISSION,-0.0560112,USDT,WLDUSDT,94970197707128
2023-12-28 20:20:27,REALIZED_PNL,1.209,USDT,WLDUSDT,94970197707129
2023-12-28 20:20:27,COMMISSION,-0.0490028,USDT,WLDUSDT,94970197707130
2023-12-28 20:20:27,COMMISSION,-0.0525045,USDT,WLDUSDT,94970197707129
2023-12-28 21:00:03,FUNDING_FEE,0.1410328,USDT,WLDUSDT,7929046615031275890
2023-12-28 21:30:24,REALIZED_PNL,0.604,USDT,WLDUSDT,94971197746345
2023-12-28 21:30:24,COMMISSION,-0.104547,USDT,WLDUSDT,94971197746346
2023-12-28 21:30:24,REALIZED_PNL,0.906,USDT,WLDUSDT,94971197746346
2023-12-28 21:30:24,COMMISSION,-0.069698,USDT,WLDUSDT,94971197746345
2023-12-28 21:33:03,COMMISSION,-0.052011,USDT,WLDUSDT,94970197749353
2023-12-28 21:33:03,COMMISSION,-0.00173365,USDT,WLDUSDT,94970197749356
2023-12-28 21:33:03,COMMISSION,-0.0901524,USDT,WLDUSDT,94970197749354
2023-12-28 21:33:03,COMMISSION,-0.01560285,USDT,WLDUSDT,94970197749355
2023-12-28 21:52:49,REALIZED_PNL,0.26450217,USDT,WLDUSDT,94971197763892
2023-12-28 21:52:49,REALIZED_PNL,0.64436086,USDT,WLDUSDT,94971197763894
2023-12-28 21:52:49,COMMISSION,-0.03781799,USDT,WLDUSDT,94971197763893
2023-12-28 21:52:49,REALIZED_PNL,0.49621521,USDT,WLDUSDT,94971197763896
2023-12-28 21:52:49,REALIZED_PNL,0.64216086,USDT,WLDUSDT,94971197763895
2023-12-28 21:52:49,COMMISSION,-0.015471,USDT,WLDUSDT,94971197763892
2023-12-28 21:52:49,REALIZED_PNL,0.64656086,USDT,WLDUSDT,94971197763893
2023-12-28 21:52:49,COMMISSION,-0.0378191,USDT,WLDUSDT,94971197763894
2023-12-28 21:52:49,COMMISSION,-0.0378202,USDT,WLDUSDT,94971197763895
2023-12-28 21:52:49,COMMISSION,-0.0292247,USDT,WLDUSDT,94971197763896
2023-12-29 13:01:41,COMMISSION,-0.082836,USDT,WLDUSDT,94971198307696
2023-12-29 16:34:13,REALIZED_PNL,0.5713,USDT,WLDUSDT,94970198454558
2023-12-29 16:34:13,REALIZED_PNL,1.4381,USDT,WLDUSDT,94970198454559
2023-12-29 16:34:13,COMMISSION,-0.12883405,USDT,WLDUSDT,94970198454559
2023-12-29 16:34:13,COMMISSION,-0.0282376,USDT,WLDUSDT,94970198454557
2023-12-29 16:34:13,COMMISSION,-0.05118065,USDT,WLDUSDT,94970198454558
2023-12-29 16:34:13,REALIZED_PNL,0.3152,USDT,WLDUSDT,94970198454557
2023-12-29 17:43:33,COMMISSION,-0.03479999,USDT,WLDUSDT,94971198472347
2023-12-29 17:43:33,COMMISSION,-0.004176,USDT,WLDUSDT,94971198472350
2023-12-29 17:43:33,COMMISSION,-0.04524,USDT,WLDUSDT,94971198472349
2023-12-29 18:51:47,COMMISSION,-0.063154,USDT,WLDUSDT,94971198489896
2023-12-29 21:00:03,FUNDING_FEE,-0.32834139,USDT,WLDUSDT,7932670491296527730
2023-12-29 22:01:51,REALIZED_PNL,2.88877358,USDT,WLDUSDT,94970198580019
2023-12-29 22:01:51,REALIZED_PNL,2.88577358,USDT,WLDUSDT,94970198580021
2023-12-29 22:01:51,COMMISSION,-0.112518,USDT,WLDUSDT,94970198580020
2023-12-29 22:01:51,REALIZED_PNL,6.06642452,USDT,WLDUSDT,94970198580020
2023-12-29 22:01:51,COMMISSION,-0.0535785,USDT,WLDUSDT,94970198580021
2023-12-29 22:01:51,REALIZED_PNL,5.67535471,USDT,WLDUSDT,94970198580022
2023-12-29 22:01:51,COMMISSION,-0.05358,USDT,WLDUSDT,94970198580019
2023-12-29 22:01:51,REALIZED_PNL,2.89177358,USDT,WLDUSDT,94970198580018
2023-12-29 22:01:51,COMMISSION,-0.0535815,USDT,WLDUSDT,94970198580018
2023-12-29 22:01:51,COMMISSION,-0.10537105,USDT,WLDUSDT,94970198580022
2023-12-29 22:08:03,COMMISSION,-0.093984,USDT,WLDUSDT,94970198585496
2023-12-30 05:00:03,FUNDING_FEE,0.2255317,USDT,WLDUSDT,7933878452987624710
2023-12-30 05:27:49,COMMISSION,-0.00531585,USDT,WLDUSDT,94971198763112
2023-12-30 05:27:49,REALIZED_PNL,0.0483,USDT,WLDUSDT,94971198763112
2023-12-30 05:27:49,REALIZED_PNL,0.5152,USDT,WLDUSDT,94971198763111
2023-12-30 05:27:49,REALIZED_PNL,0.0648,USDT,WLDUSDT,94971198763108
2023-12-30 05:27:49,REALIZED_PNL,0.486,USDT,WLDUSDT,94971198763110
2023-12-30 05:27:49,REALIZED_PNL,1.0206,USDT,WLDUSDT,94971198763109
2023-12-30 05:27:49,COMMISSION,-0.053157,USDT,WLDUSDT,94971198763110
2023-12-30 05:27:49,COMMISSION,-0.1116297,USDT,WLDUSDT,94971198763109
2023-12-30 05:27:49,COMMISSION,-0.0567024,USDT,WLDUSDT,94971198763111
2023-12-30 05:27:49,COMMISSION,-0.0070876,USDT,WLDUSDT,94971198763108
2023-12-30 05:52:25,COMMISSION,-0.066176,USDT,WLDUSDT,94971198778740
2023-12-30 13:00:03,FUNDING_FEE,-0.16572726,USDT,WLDUSDT,7935086412204080150
2023-12-30 13:36:42,COMMISSION,-0.0345924,USDT,WLDUSDT,94970199637774
2023-12-30 13:36:42,COMMISSION,-0.0538132,USDT,WLDUSDT,94970199637770
2023-12-30 13:36:42,REALIZED_PNL,5.8248,USDT,WLDUSDT,94970199637774
2023-12-30 13:36:42,COMMISSION,-0.02498405,USDT,WLDUSDT,94970199637773
2023-12-30 13:36:42,REALIZED_PNL,4.2081,USDT,WLDUSDT,94970199637773
2023-12-30 13:36:42,REALIZED_PNL,9.0664,USDT,WLDUSDT,94970199637770
2023-12-30 13:36:42,REALIZED_PNL,3.237,USDT,WLDUSDT,94970199637772
2023-12-30 13:36:42,COMMISSION,-0.0192185,USDT,WLDUSDT,94970199637772
2023-12-30 13:36:42,COMMISSION,-0.04804625,USDT,WLDUSDT,94970199637771
2023-12-30 13:36:42,REALIZED_PNL,8.0925,USDT,WLDUSDT,94970199637771
2023-12-30 13:39:59,COMMISSION,-0.05777976,USDT,WLDUSDT,94970199653494
2023-12-30 13:46:03,COMMISSION,-0.0602576,USDT,WLDUSDT,94971199674602
2023-12-30 13:46:03,REALIZED_PNL,1.1264,USDT,WLDUSDT,94971199674602
2023-12-30 13:46:03,COMMISSION,-0.0489593,USDT,WLDUSDT,94971199674603
2023-12-30 13:46:03,COMMISSION,-0.033894,USDT,WLDUSDT,94971199674601
2023-12-30 13:46:03,REALIZED_PNL,0.6354,USDT,WLDUSDT,94971199674601
2023-12-30 13:46:03,REALIZED_PNL,0.9152,USDT,WLDUSDT,94971199674603
2023-12-31 01:01:10,COMMISSION,-0.089661,USDT,WLDUSDT,94971200242416
2023-12-31 05:00:03,FUNDING_FEE,-0.14001138,USDT,WLDUSDT,7937502333195516700
2023-12-31 11:05:29,COMMISSION,-0.086376,USDT,WLDUSDT,94971200756114
2023-12-31 13:00:03,FUNDING_FEE,-0.44449026,USDT,WLDUSDT,7938710293125001060
2023-12-31 17:47:47,REALIZED_PNL,0.70552719,USDT,WLDUSDT,94970200988029
2023-12-31 17:47:47,REALIZED_PNL,1.39608953,USDT,WLDUSDT,94970200988036
2023-12-31 17:47:47,COMMISSION,-0.01296855,USDT,WLDUSDT,94970200988035
2023-12-31 17:47:47,COMMISSION,-0.0037053,USDT,WLDUSDT,94970200988034
2023-12-31 17:47:47,REALIZED_PNL,1.96231129,USDT,WLDUSDT,94970200988032
2023-12-31 17:47:47,REALIZED_PNL,0.11458786,USDT,WLDUSDT,94970200988031
2023-12-31 17:47:47,COMMISSION,-0.0555945,USDT,WLDUSDT,94970200988029
2023-12-31 17:47:47,COMMISSION,-0.1593408,USDT,WLDUSDT,94970200988032
2023-12-31 17:47:47,COMMISSION,-0.0333486,USDT,WLDUSDT,94970200988033
2023-12-31 17:47:47,REALIZED_PNL,0.15762301,USDT,WLDUSDT,94970200988035
2023-12-31 17:47:47,REALIZED_PNL,0.66750962,USDT,WLDUSDT,94970200988030
2023-12-31 17:47:47,COMMISSION,-0.0537341,USDT,WLDUSDT,94970200988030
2023-12-31 17:47:47,REALIZED_PNL,0.04503514,USDT,WLDUSDT,94970200988034
2023-12-31 17:47:47,REALIZED_PNL,0.40711631,USDT,WLDUSDT,94970200988033
2023-12-31 17:47:47,COMMISSION,-0.1148643,USDT,WLDUSDT,94970200988036
2023-12-31 17:47:47,COMMISSION,-0.00926425,USDT,WLDUSDT,94970200988031
2023-12-31 19:43:52,COMMISSION,-0.113036,USDT,WLDUSDT,94971201047882
2023-12-31 21:00:03,FUNDING_FEE,-0.2608126,USDT,WLDUSDT,7939918247392175010
2024-01-01 05:00:03,FUNDING_FEE,-0.2370562,USDT,WLDUSDT,7941126210509337290
2024-01-01 13:00:03,FUNDING_FEE,-0.25882561,USDT,WLDUSDT,7942334169893561550
2024-01-01 21:00:03,FUNDING_FEE,-0.3341556,USDT,WLDUSDT,7943542126970923910
2024-01-02 01:00:43,REALIZED_PNL,5.1254,USDT,WLDUSDT,94970201919613
2024-01-02 01:00:43,COMMISSION,-0.0924777,USDT,WLDUSDT,94970201919613
2024-01-02 01:00:43,COMMISSION,-0.056619,USDT,WLDUSDT,94970201919614
2024-01-02 01:00:43,REALIZED_PNL,5.5385,USDT,WLDUSDT,94970201919615
2024-01-02 01:00:43,REALIZED_PNL,1.2612,USDT,WLDUSDT,94970201919611
2024-01-02 01:00:43,REALIZED_PNL,3.138,USDT,WLDUSDT,94970201919614
2024-01-02 01:00:43,COMMISSION,-0.0226506,USDT,WLDUSDT,94970201919611
2024-01-02 01:00:43,COMMISSION,-0.0188735,USDT,WLDUSDT,94970201919612
2024-01-02 01:00:43,REALIZED_PNL,1.047,USDT,WLDUSDT,94970201919612
2024-01-02 01:00:43,COMMISSION,-0.10002425,USDT,WLDUSDT,94970201919615
2024-01-02 02:26:06,COMMISSION,-0.09763,USDT,WLDUSDT,94970201961842
2024-01-02 05:00:03,FUNDING_FEE,0.37565093,USDT,WLDUSDT,7944750090843058570
2024-01-02 10:39:25,COMMISSION,-0.062046,USDT,WLDUSDT,94971202359770
2024-01-02 12:54:18,REALIZED_PNL,10.024,USDT,WLDUSDT,94971202556297
2024-01-02 12:54:18,COMMISSION,-0.0541755,USDT,WLDUSDT,94971202556295
2024-01-02 12:54:18,COMMISSION,-0.126413,USDT,WLDUSDT,94971202556297
2024-01-02 12:54:18,REALIZED_PNL,4.299,USDT,WLDUSDT,94971202556295
2024-01-02 12:54:18,COMMISSION,-0.054177,USDT,WLDUSDT,94971202556296
2024-01-02 12:54:18,REALIZED_PNL,4.296,USDT,WLDUSDT,94971202556296
2024-01-02 13:00:03,FUNDING_FEE,-0.25207576,USDT,WLDUSDT,7945958049220652760
2024-01-02 21:00:03,FUNDING_FEE,-0.12283097,USDT,WLDUSDT,7947166009779287730
2024-01-03 05:00:03,FUNDING_FEE,-0.18219132,USDT,WLDUSDT,7948373972015637130
2024-01-03 13:00:03,FUNDING_FEE,-0.02544186,USDT,WLDUSDT,7949581912022184800
2024-01-03 21:00:02,FUNDING_FEE,-0.02495051,USDT,WLDUSDT,7950789862891973250
2024-01-04 05:00:02,FUNDING_FEE,-0.02486315,USDT,WLDUSDT,7951997826638281320
2024-01-04 13:00:03,FUNDING_FEE,-0.02587611,USDT,WLDUSDT,7953205787993828360
2024-01-04 21:00:03,FUNDING_FEE,-0.02595564,USDT,WLDUSDT,7954413747210286290
2024-01-05 05:00:03,FUNDING_FEE,-0.02491886,USDT,WLDUSDT,7955621719135482500
2024-01-05 13:00:02,FUNDING_FEE,-0.02401731,USDT,WLDUSDT,7956829669711667830
2024-01-05 21:00:03,FUNDING_FEE,-0.0241567,USDT,WLDUSDT,7958037628928125480
2024-01-06 05:00:03,FUNDING_FEE,-0.02243299,USDT,WLDUSDT,7959245589402875750
2024-01-06 13:00:03,FUNDING_FEE,-0.02274898,USDT,WLDUSDT,7960453555204388390
2024-01-06 21:00:03,FUNDING_FEE,-0.02250278,USDT,WLDUSDT,7961661516182451810
2024-01-07 05:00:03,FUNDING_FEE,-0.02273332,USDT,WLDUSDT,7962869485674953640
2024-01-07 13:00:03,FUNDING_FEE,-0.02211274,USDT,WLDUSDT,7964077446149700380
2024-01-07 21:00:03,FUNDING_FEE,-0.021308,USDT,WLDUSDT,7965285405533925390
2024-01-08 05:00:03,FUNDING_FEE,-0.02090322,USDT,WLDUSDT,7966493364414837680
2024-01-08 13:00:03,FUNDING_FEE,-0.0222995,USDT,WLDUSDT,7967701314445765150
2024-01-08 21:00:02,FUNDING_FEE,-0.02281689,USDT,WLDUSDT,7968909257136666850
2024-01-09 05:00:02,FUNDING_FEE,-0.02240815,USDT,WLDUSDT,7970117221428226700
2024-01-09 13:00:02,FUNDING_FEE,-0.02121606,USDT,WLDUSDT,7971325175359860080
2024-01-09 21:00:02,FUNDING_FEE,-0.02026622,USDT,WLDUSDT,7972533131891962450
2024-01-10 05:00:02,FUNDING_FEE,-0.02042156,USDT,WLDUSDT,7973741093666942180
2024-01-10 10:10:49,TRANSFER,85.08,USDT,,151935296213
2024-01-10 10:14:45,COMMISSION,-0.08307,USDT,BTCUSDT_240329,952811672222
2024-01-10 11:10:03,COMMISSION,-0.115061,USDT,BTCUSDT_240329,952801675015
2024-01-10 11:10:40,REALIZED_PNL,-1.3392,USDT,BTCUSDT_240329,952801675020
2024-01-10 11:10:40,COMMISSION,-0.2070054,USDT,BTCUSDT_240329,952801675020
2024-01-10 11:13:42,COMMISSION,-0.05525652,USDT,BTCUSDT_240329,952801675254
2024-01-10 11:17:49,REALIZED_PNL,-2.72018181,USDT,BTCUSDT_240329,952811675638
2024-01-10 11:17:49,COMMISSION,-0.02315515,USDT,BTCUSDT_240329,952811675639
2024-01-10 11:17:49,REALIZED_PNL,-0.27351818,USDT,BTCUSDT_240329,952811675639
2024-01-10 11:17:49,COMMISSION,-0.231544,USDT,BTCUSDT_240329,952811675638
2024-01-10 11:44:58,COMMISSION,-0.07392,USDT,BTCUSDT_240329,952811677162
2024-01-10 13:00:03,FUNDING_FEE,-0.02006407,USDT,WLDUSDT,7974949071757763800
2024-01-10 15:40:40,REALIZED_PNL,11.104,USDT,BTCUSDT_240329,952801690503
2024-01-10 15:40:40,COMMISSION,-0.190352,USDT,BTCUSDT_240329,952801690503
2024-01-10 15:47:03,COMMISSION,-0.1191315,USDT,BTCUSDT_240329,952811690821
2024-01-10 15:47:03,COMMISSION,-0.14295749,USDT,BTCUSDT_240329,952811690820
2024-01-10 17:13:43,TRANSFER,42.68,USDT,,151971652649
2024-01-10 21:00:03,FUNDING_FEE,-0.0222831,USDT,WLDUSDT,7976157021075663820
2024-01-11 05:00:03,FUNDING_FEE,-0.02261302,USDT,WLDUSDT,7977364987176475460
2024-01-11 11:45:59,REALIZED_PNL,4.71450909,USDT,BTCUSDT_240329,952801751674
2024-01-11 11:45:59,REALIZED_PNL,21.2602909,USDT,BTCUSDT_240329,952801751673
2024-01-11 11:45:59,COMMISSION,-0.0500098,USDT,BTCUSDT_240329,952801751674
2024-01-11 11:45:59,COMMISSION,-0.2250666,USDT,BTCUSDT_240329,952801751673
2024-01-11 11:53:02,COMMISSION,-0.159968,USDT,BTCUSDT_240329,952811754337
2024-01-11 13:00:03,FUNDING_FEE,-0.02217706,USDT,WLDUSDT,7978572931796749470
2024-01-11 21:00:02,FUNDING_FEE,-0.02248437,USDT,WLDUSDT,7979780891432635350
2024-01-12 05:00:03,FUNDING_FEE,-0.02284747,USDT,WLDUSDT,7980988857695520450
2024-01-12 13:00:03,FUNDING_FEE,-0.02410262,USDT,WLDUSDT,7982196825552242140
2024-01-12 21:00:03,FUNDING_FEE,-0.02306563,USDT,WLDUSDT,7983404771850246790
2024-01-13 00:51:32,TRANSFER,89.8968132,USDT,,152263829590
2024-01-13 05:00:03,FUNDING_FEE,-0.02312755,USDT,WLDUSDT,7984612734841574750
2024-01-13 13:00:03,FUNDING_FEE,-0.02300592,USDT,WLDUSDT,7985820701188345810
2024-01-13 21:00:03,FUNDING_FEE,-0.02323849,USDT,WLDUSDT,7987028660027315820
2024-01-14 05:00:03,FUNDING_FEE,-0.02333348,USDT,WLDUSDT,7988236621508694010
2024-01-14 13:00:03,FUNDING_FEE,-0.0228475,USDT,WLDUSDT,7989444581396238060
2024-01-14 21:00:03,FUNDING_FEE,-0.02157597,USDT,WLDUSDT,7990652540570751260
2024-01-15 05:00:03,FUNDING_FEE,-0.02219204,USDT,WLDUSDT,7991860504233165590
2024-01-15 13:00:03,FUNDING_FEE,-0.02214783,USDT,WLDUSDT,7993068456361252990
2024-01-15 21:00:03,FUNDING_FEE,-0.02240356,USDT,WLDUSDT,7994276416416569750
2024-01-16 05:00:03,FUNDING_FEE,-0.02247813,USDT,WLDUSDT,7995484380162872060
2024-01-16 13:00:03,FUNDING_FEE,-0.02250929,USDT,WLDUSDT,7996692341224816720
2024-01-16 21:00:03,FUNDING_FEE,-0.02230254,USDT,WLDUSDT,7997900304803354380
2024-01-17 05:00:03,FUNDING_FEE,-0.02178811,USDT,WLDUSDT,7999108268172172630
2024-01-17 13:00:03,FUNDING_FEE,-0.0221218,USDT,WLDUSDT,8000316227724169850
2024-01-17 18:52:13,TRANSFER,120.42,USDT,,152644668863
2024-01-17 21:00:03,FUNDING_FEE,-0.02202917,USDT,WLDUSDT,8001524180481397100
2024-01-18 05:00:03,FUNDING_FEE,-0.02227905,USDT,WLDUSDT,8002732147205656820
2024-01-18 13:00:03,FUNDING_FEE,-0.02215449,USDT,WLDUSDT,8003940112839396200
2024-01-18 21:00:03,FUNDING_FEE,-0.02083644,USDT,WLDUSDT,8005148056956356130
2024-01-19 05:00:03,FUNDING_FEE,-0.02051303,USDT,WLDUSDT,8006356018269965710
2024-01-19 13:00:03,FUNDING_FEE,-0.02029591,USDT,WLDUSDT,8007563986336403560
2024-01-19 21:00:03,FUNDING_FEE,-0.0203723,USDT,WLDUSDT,8008771952095976000
2024-01-20 05:00:04,FUNDING_FEE,-0.02035207,USDT,WLDUSDT,8009979927796045330
2024-01-20 13:00:03,FUNDING_FEE,-0.01998963,USDT,WLDUSDT,8011187852786974910
2024-01-20 21:00:03,FUNDING_FEE,-0.02024594,USDT,WLDUSDT,8012395810409600550
2024-01-21 05:00:03,FUNDING_FEE,-0.02050912,USDT,WLDUSDT,8013603769332453720
2024-01-21 13:00:03,FUNDING_FEE,-0.02076192,USDT,WLDUSDT,8014811731610749410
2024-01-21 21:00:03,FUNDING_FEE,-0.02027765,USDT,WLDUSDT,8016019692882418130
2024-01-22 05:00:03,FUNDING_FEE,-0.01979342,USDT,WLDUSDT,8017227662668513950
2024-01-22 13:00:03,FUNDING_FEE,-0.01914575,USDT,WLDUSDT,8018435622346346540
2024-01-22 21:00:03,FUNDING_FEE,-0.01832014,USDT,WLDUSDT,8019643566714967450
2024-01-23 05:00:03,FUNDING_FEE,-0.01830357,USDT,WLDUSDT,8020851527231655290
2024-01-23 13:00:03,FUNDING_FEE,-0.01763697,USDT,WLDUSDT,8022059481373005450
2024-01-23 21:00:03,FUNDING_FEE,-0.01818401,USDT,WLDUSDT,8023267446042051630
2024-01-24 02:29:35,TRANSFER,107.59,USDT,,153181121466
2024-01-24 05:00:03,FUNDING_FEE,-0.0181932,USDT,WLDUSDT,8024475402532210390
2024-01-24 13:00:03,FUNDING_FEE,-0.01817346,USDT,WLDUSDT,8025683376764274210
2024-01-24 21:00:02,FUNDING_FEE,-0.01857513,USDT,WLDUSDT,8026891318993804790
2024-01-25 05:00:03,FUNDING_FEE,-0.01896638,USDT,WLDUSDT,8028099280097689750
2024-01-25 13:00:03,FUNDING_FEE,-0.01807989,USDT,WLDUSDT,8029307251267912410
2024-01-25 21:00:03,FUNDING_FEE,-0.01817415,USDT,WLDUSDT,8030515202682965460
2024-01-26 05:00:03,FUNDING_FEE,-0.01822742,USDT,WLDUSDT,8031723163073824440
2024-01-26 13:00:03,FUNDING_FEE,-0.01908927,USDT,WLDUSDT,8032931127071788160
2024-01-26 21:00:03,FUNDING_FEE,-0.01909142,USDT,WLDUSDT,8034139087210988140
2024-01-27 05:00:03,FUNDING_FEE,-0.01921751,USDT,WLDUSDT,8035347047895452660
2024-01-27 13:00:03,FUNDING_FEE,-0.01946916,USDT,WLDUSDT,8036555016465207230
2024-01-27 13:52:26,COMMISSION,-0.199948,USDT,MANTAUSDT,9624133583904
2024-01-27 13:53:15,TRANSFER,64.21,USDT,,153449456900
2024-01-27 17:00:01,FUNDING_FEE,-0.05154363,USDT,MANTAUSDT,8037158914997540640
2024-01-27 21:00:03,FUNDING_FEE,-0.01959312,USDT,WLDUSDT,8037762973584512330
2024-01-27 21:00:04,FUNDING_FEE,-0.04870542,USDT,MANTAUSDT,8037762991494186150
2024-01-28 01:00:01,FUNDING_FEE,-0.05010342,USDT,MANTAUSDT,8038366874213994990
2024-01-28 05:00:03,FUNDING_FEE,-0.01938564,USDT,WLDUSDT,8038970937121099580
2024-01-28 05:00:04,FUNDING_FEE,-0.04904595,USDT,MANTAUSDT,8038970954779118040
2024-01-28 09:00:00,FUNDING_FEE,-0.04812246,USDT,MANTAUSDT,8039574832927131870
2024-01-28 13:00:03,FUNDING_FEE,-0.018778,USDT,WLDUSDT,8040178901119062490
2024-01-28 13:00:04,FUNDING_FEE,-0.04714179,USDT,MANTAUSDT,8040178918860964680
2024-01-28 17:00:01,FUNDING_FEE,-0.04746577,USDT,MANTAUSDT,8040782792982447910
2024-01-28 21:00:03,FUNDING_FEE,-0.01845538,USDT,WLDUSDT,8041386856770356850
2024-01-28 21:00:04,FUNDING_FEE,-0.04699042,USDT,MANTAUSDT,8041386874008951030
2024-01-29 01:00:01,FUNDING_FEE,-0.0488454,USDT,MANTAUSDT,8041990756351266510
2024-01-29 05:00:03,FUNDING_FEE,-0.01865933,USDT,WLDUSDT,8042594824249594100
2024-01-29 05:00:04,FUNDING_FEE,-0.04975799,USDT,MANTAUSDT,8042594842117328020
2024-01-29 09:00:01,FUNDING_FEE,-0.05039171,USDT,MANTAUSDT,8043198716867954450
2024-01-29 13:00:03,FUNDING_FEE,-0.05049988,USDT,MANTAUSDT,8043802784388796750
2024-01-29 13:00:03,FUNDING_FEE,-0.0190026,USDT,WLDUSDT,8043802766940487800
2024-01-29 17:00:00,FUNDING_FEE,-0.04998249,USDT,MANTAUSDT,8044406659642737580
2024-01-29 18:46:29,COMMISSION,-0.1999404,USDT,MANTAUSDT,9624139265258
2024-01-29 21:00:03,FUNDING_FEE,-0.09956381,USDT,MANTAUSDT,8045010730770678380
2024-01-29 21:00:03,FUNDING_FEE,-0.01926585,USDT,WLDUSDT,8045010713490150230
2024-01-30 01:00:00,FUNDING_FEE,-0.09718591,USDT,MANTAUSDT,8045614616845928510
2024-01-30 05:00:03,FUNDING_FEE,-0.0962125,USDT,MANTAUSDT,8046218699046833580
2024-01-30 05:00:03,FUNDING_FEE,-0.01905678,USDT,WLDUSDT,8046218680801610190
2024-01-30 09:00:00,FUNDING_FEE,-0.09430286,USDT,MANTAUSDT,8046822582437724290
2024-01-30 13:00:03,FUNDING_FEE,-0.02053783,USDT,WLDUSDT,8047426651132974190
2024-01-30 13:00:04,FUNDING_FEE,-0.0949785,USDT,MANTAUSDT,8047426670300941940
2024-01-30 14:51:15,TRANSFER,16.02,USDT,,153685640040
2024-01-30 17:00:00,FUNDING_FEE,-0.09504427,USDT,MANTAUSDT,8048030539179544590
2024-01-30 21:00:03,FUNDING_FEE,-0.02003129,USDT,WLDUSDT,8048634596004909820
2024-01-30 21:00:04,FUNDING_FEE,-0.09065475,USDT,MANTAUSDT,8048634614292074600
2024-01-31 01:00:00,FUNDING_FEE,-0.09044541,USDT,MANTAUSDT,8049238497808797050
2024-01-31 03:21:42,TRANSFER,24.12,USDT,,153724846893
2024-01-31 05:00:03,FUNDING_FEE,-0.08994355,USDT,MANTAUSDT,8049842575731508330
2024-01-31 05:00:03,FUNDING_FEE,-0.02030316,USDT,WLDUSDT,8049842557360461940
2024-01-31 09:00:01,FUNDING_FEE,-0.08681774,USDT,MANTAUSDT,8050446477912887630
2024-01-31 13:00:03,FUNDING_FEE,-0.10575878,USDT,MANTAUSDT,8051050532808868070
2024-01-31 13:00:03,FUNDING_FEE,-0.01893447,USDT,WLDUSDT,8051050514815304030
2024-01-31 17:00:01,FUNDING_FEE,-0.0851542,USDT,MANTAUSDT,8051654441533364600
2024-01-31 21:00:03,FUNDING_FEE,-0.29462683,USDT,MANTAUSDT,8052258495212994830
2024-01-31 21:00:03,FUNDING_FEE,-0.01859853,USDT,WLDUSDT,8052258477051663620
2024-02-01 01:00:01,FUNDING_FEE,-0.07832798,USDT,MANTAUSDT,8052862397310487560
2024-02-01 05:00:03,FUNDING_FEE,-0.08178254,USDT,MANTAUSDT,8053466453506709560
2024-02-01 05:00:03,FUNDING_FEE,-0.01831977,USDT,WLDUSDT,8053466435261484680
2024-02-01 09:00:01,FUNDING_FEE,-0.08114906,USDT,MANTAUSDT,8054070358749924820
2024-02-01 13:00:03,FUNDING_FEE,-0.01844154,USDT,WLDUSDT,8054674402992375520
2024-02-01 13:00:04,FUNDING_FEE,-0.08444125,USDT,MANTAUSDT,8054674422160345430
2024-02-01 17:00:00,FUNDING_FEE,-0.08405568,USDT,MANTAUSDT,8055278302657167640
2024-02-01 21:00:03,FUNDING_FEE,-0.01845114,USDT,WLDUSDT,8055882371687959280
2024-02-01 21:00:04,FUNDING_FEE,-0.10835785,USDT,MANTAUSDT,8055882390520386120
2024-02-02 01:00:01,FUNDING_FEE,-0.08217463,USDT,MANTAUSDT,8056486266990674940
2024-02-02 05:00:03,FUNDING_FEE,-0.01891605,USDT,WLDUSDT,8057090326626227870
2024-02-02 05:00:04,FUNDING_FEE,-0.08245518,USDT,MANTAUSDT,8057090345500595070
2024-02-02 09:00:00,FUNDING_FEE,-0.08051334,USDT,MANTAUSDT,8057694218489616450
2024-02-02 13:00:03,FUNDING_FEE,-0.08081312,USDT,MANTAUSDT,8058298306143112160
2024-02-02 13:00:03,FUNDING_FEE,-0.01906352,USDT,WLDUSDT,8058298286471826010
2024-02-02 17:00:01,FUNDING_FEE,-0.17927458,USDT,MANTAUSDT,8058902197167637020
2024-02-02 21:00:03,FUNDING_FEE,-0.08149302,USDT,MANTAUSDT,8059506254664093230
2024-02-02 21:00:03,FUNDING_FEE,-0.01909955,USDT,WLDUSDT,8059506235286409510
2024-02-03 01:00:00,FUNDING_FEE,-0.08040951,USDT,MANTAUSDT,8060110133692910920
2024-02-03 05:00:03,FUNDING_FEE,-0.07843468,USDT,MANTAUSDT,8060714213251402520
2024-02-03 05:00:03,FUNDING_FEE,-0.01902485,USDT,WLDUSDT,8060714194293151940
2024-02-03 09:00:00,FUNDING_FEE,-0.10292009,USDT,MANTAUSDT,8061318095174290560
2024-02-03 13:00:03,FUNDING_FEE,-0.01873019,USDT,WLDUSDT,8061922161017405790
2024-02-03 13:00:04,FUNDING_FEE,-0.07896893,USDT,MANTAUSDT,8061922180772579490
2024-02-03 17:00:00,FUNDING_FEE,-0.07890768,USDT,MANTAUSDT,8062526060975802220
2024-02-03 21:00:03,FUNDING_FEE,-0.01872707,USDT,WLDUSDT,8063130130551855210
2024-02-03 21:00:04,FUNDING_FEE,-0.07739874,USDT,MANTAUSDT,8063130150223136200
2024-02-04 01:00:00,FUNDING_FEE,-0.07407287,USDT,MANTAUSDT,8063734019017851530
2024-02-04 05:00:03,FUNDING_FEE,-0.01815048,USDT,WLDUSDT,8064338091781577150
2024-02-04 05:00:04,FUNDING_FEE,-0.07199275,USDT,MANTAUSDT,8064338111159256270
2024-02-04 09:00:01,FUNDING_FEE,-0.07385439,USDT,MANTAUSDT,8064941986706801180
2024-02-04 13:00:03,FUNDING_FEE,-0.01811487,USDT,WLDUSDT,8065546060812703940
2024-02-04 13:00:04,FUNDING_FEE,-0.12478184,USDT,MANTAUSDT,8065546080609813080
2024-02-04 17:00:01,FUNDING_FEE,-0.11369108,USDT,MANTAUSDT,8066149943700276770
2024-02-04 19:39:06,REALIZED_PNL,-34.524,USDT,BTCUSDT_240329,952802416490
2024-02-04 19:39:06,REALIZED_PNL,-20.7069,USDT,BTCUSDT_240329,952802416488
2024-02-04 19:39:06,REALIZED_PNL,-55.2264,USDT,BTCUSDT_240329,952802416489
2024-02-04 19:39:06,INSURANCE_CLEAR,-6.61077352,USDT,BTCUSDT_240329,8066550311995228180
2024-02-04 19:39:06,REALIZED_PNL,-162.90057046,USDT,MANTAUSDT,9624049838344
2024-02-04 19:39:06,REALIZED_PNL,-27.03045599,USDT,MANTAUSDT,9624049838346
2024-02-04 19:39:06,REALIZED_PNL,-104.7792093,USDT,MANTAUSDT,9624049838348
2024-02-04 19:39:06,INSURANCE_CLEAR,-20.92731606,USDT,MANTAUSDT,8066550311995228160
2024-02-04 19:39:06,REALIZED_PNL,-29.54773702,USDT,MANTAUSDT,9624049838349
2024-02-04 19:39:06,REALIZED_PNL,-43.57983106,USDT,MANTAUSDT,9624049838345
2024-02-04 19:39:06,REALIZED_PNL,-58.88029562,USDT,MANTAUSDT,9624049838347
2024-02-04 19:39:06,REALIZED_PNL,-2.09498418,USDT,MANTAUSDT,9624049838343
2024-02-04 19:39:06,REALIZED_PNL,-3.35293469,USDT,MANTAUSDT,9624049838350
2024-02-04 19:39:06,REALIZED_PNL,-130.97401162,USDT,MANTAUSDT,9624049838351
2024-02-04 19:39:06,INSURANCE_CLEAR,-1.667815,USDT,WLDUSDT,8066550311995228170
2024-02-04 19:39:06,REALIZED_PNL,-58.5216,USDT,WLDUSDT,94970224422601
2024-02-04 19:39:06,REALIZED_PNL,-48.765,USDT,WLDUSDT,94970224422598
2024-02-04 19:39:06,REALIZED_PNL,-9.7536,USDT,WLDUSDT,94970224422602
2024-02-04 19:39:06,REALIZED_PNL,-4.8768,USDT,WLDUSDT,94970224422600
2024-02-04 19:39:06,REALIZED_PNL,-9.7536,USDT,WLDUSDT,94970224422599
2024-02-26 11:29:43,TRANSFER,28.00858633,USDT,,156231657609
2024-02-26 12:08:43,COMMISSION,-0.01999894,USDT,DOGEUSDT,906501453212258
2024-02-26 13:00:07,FUNDING_FEE,0.01747688,USDT,DOGEUSDT,8145271553768287810
2024-02-26 21:00:08,FUNDING_FEE,0.04153296,USDT,DOGEUSDT,8146479563190559740
2024-02-27 05:00:09,FUNDING_FEE,0.07052204,USDT,DOGEUSDT,8147687562672336550
2024-02-27 13:00:01,FUNDING_FEE,0.04946277,USDT,DOGEUSDT,8148895181353251250
2024-02-27 21:00:01,FUNDING_FEE,0.04559535,USDT,DOGEUSDT,8150103137214262260
2024-02-28 05:00:01,FUNDING_FEE,0.02555654,USDT,DOGEUSDT,8151311095256311130
2024-02-28 13:00:01,FUNDING_FEE,0.0701113,USDT,DOGEUSDT,8152519065587676500
2024-02-28 13:45:21,REALIZED_PNL,-28.05156,USDT,DOGEUSDT,906511457474050
2024-02-28 13:45:21,INSURANCE_CLEAR,-0.25728523,USDT,DOGEUSDT,8152633166301224960
2024-03-01 11:52:33,TRANSFER,15,USDT,,157007249490
2024-03-01 14:15:00,COMMISSION,-0.024692,USDT,BTCUSDT,900314662240817
2024-03-01 15:20:07,REALIZED_PNL,0.6126,USDT,BTCUSDT,900304662447049
2024-03-01 15:20:07,COMMISSION,-0.0620363,USDT,BTCUSDT,900304662447049
2024-03-01 15:26:10,COMMISSION,-0.4967704,USDT,BTCUSDT,900314662464435
2024-03-01 15:26:43,REALIZED_PNL,0.31519999,USDT,BTCUSDT,900304662465336
2024-03-01 15:26:43,COMMISSION,-0.496928,USDT,BTCUSDT,900304662465336
2024-03-01 15:34:42,COMMISSION,-0.19904,USDT,BTCUSDT,900314662498431
2024-03-01 15:36:12,REALIZED_PNL,0.1164,USDT,BTCUSDT,900304662503863
2024-03-01 15:36:12,COMMISSION,-0.0311582,USDT,BTCUSDT,900304662503863
2024-03-01 15:36:12,REALIZED_PNL,1.746,USDT,BTCUSDT,900304662503864
2024-03-01 15:36:12,COMMISSION,-0.467373,USDT,BTCUSDT,900304662503864
2024-03-01 16:03:10,COMMISSION,-0.19952,USDT,BTCUSDT,900314662594633
2024-03-01 16:24:13,INSURANCE_CLEAR,-3.62128,USDT,BTCUSDT,8160280707851345920
2024-03-01 16:24:13,REALIZED_PNL,-4.16,USDT,BTCUSDT,900304662651103
2024-03-03 03:32:18,COMMISSION,-0.02999922,USDT,SLPUSDT,9555119578460
2024-03-03 03:44:55,TRANSFER,10,USDT,,157316606470
2024-03-03 04:27:10,REALIZED_PNL,-17.453737,USDT,SLPUSDT,9555019729977
2024-03-03 04:27:10,INSURANCE_CLEAR,-0.54766587,USDT,SLPUSDT,8165723944846090240
2024-03-04 02:18:40,TRANSFER,70.5,USDT,,157514512930
2024-03-04 15:12:07,COMMISSION,-0.039648,USDT,ETHUSDT,900613697449584
2024-03-04 21:00:00,FUNDING_FEE,-0.07880562,USDT,ETHUSDT,8171846391324467251
2024-03-05 03:02:47,TRANSFER,47.64,USDT,,157822687169
2024-03-05 03:06:20,REALIZED_PNL,9.51552,USDT,ETHUSDT,900603700794846
2024-03-05 03:06:20,COMMISSION,-0.10387776,USDT,ETHUSDT,900603700794846
2024-03-05 03:50:41,COMMISSION,-0.0357312,USDT,ETHUSDT,900613700928718
2024-03-05 05:00:00,FUNDING_FEE,-0.1795881,USDT,ETHUSDT,8173054353225278801
2024-03-05 05:09:19,COMMISSION,-0.02635,USDT,BTCUSDT,900314680179535
2024-03-05 13:00:00,FUNDING_FEE,-0.11783748,USDT,BTCUSDT,8174262305437247131
2024-03-05 13:00:00,FUNDING_FEE,-0.14978791,USDT,ETHUSDT,8174262309841264791
2024-03-05 16:36:04,COMMISSION,-0.0393456,USDT,ETHUSDT,900613705787813
2024-03-05 21:00:00,FUNDING_FEE,-0.0462479,USDT,BTCUSDT,8175470277068843191
2024-03-05 21:00:00,FUNDING_FEE,-0.0760886,USDT,ETHUSDT,8175470280717891131
2024-03-06 05:00:00,FUNDING_FEE,-0.04521325,USDT,BTCUSDT,8176678213216628681
2024-03-06 05:00:00,FUNDING_FEE,-0.15119409,USDT,ETHUSDT,8176678216991500571
2024-03-06 08:18:23,COMMISSION,-0.108486,USDT,ETHUSDT,900603711610356
2024-03-06 08:18:23,REALIZED_PNL,14.84215384,USDT,ETHUSDT,900603711610356
2024-03-06 13:00:00,FUNDING_FEE,-0.06567479,USDT,BTCUSDT,8177886172810569921
2024-03-06 13:00:00,FUNDING_FEE,-0.0737618,USDT,ETHUSDT,8177886176627388611
2024-03-06 21:00:00,FUNDING_FEE,-0.04008243,USDT,BTCUSDT,8179094132698115941
2024-03-06 21:00:00,FUNDING_FEE,-0.06548109,USDT,ETHUSDT,8179094136598817571
2024-03-06 22:04:04,COMMISSION,-0.09155568,USDT,ETHUSDT,900603715412668
2024-03-06 22:04:04,REALIZED_PNL,9.85720615,USDT,ETHUSDT,900603715412668
2024-03-07 05:00:00,FUNDING_FEE,-0.05446593,USDT,BTCUSDT,8180302092250114631
2024-03-07 11:46:42,COMMISSION,-0.054504,USDT,ETHUSDT,900613717888737
2024-03-07 13:00:00,FUNDING_FEE,-0.07299462,USDT,BTCUSDT,8181510052095713731
2024-03-07 13:00:00,FUNDING_FEE,-0.1222657,USDT,ETHUSDT,8181510056164192211
2024-03-07 21:00:00,FUNDING_FEE,-0.04656686,USDT,BTCUSDT,8182718011689658411
2024-03-07 21:00:00,FUNDING_FEE,-0.11967517,USDT,ETHUSDT,8182718015674250101
2024-03-08 05:00:00,FUNDING_FEE,-0.05854872,USDT,BTCUSDT,8183925971744973821
2024-03-08 05:00:00,FUNDING_FEE,-0.16338252,USDT,ETHUSDT,8183925975897340071
2024-03-08 13:00:00,FUNDING_FEE,-0.08518382,USDT,BTCUSDT,8185133933100526201
2024-03-08 13:00:00,FUNDING_FEE,-0.13725655,USDT,ETHUSDT,8185133937210947541
2024-03-08 21:00:00,FUNDING_FEE,-0.0260892,USDT,BTCUSDT,8186341890932865631
2024-03-08 21:00:00,FUNDING_FEE,-0.09289445,USDT,ETHUSDT,8186341895043280831
2024-03-08 23:03:43,REALIZED_PNL,8.81928,USDT,ETHUSDT,900603724971951
2024-03-08 23:03:43,COMMISSION,-0.14066964,USDT,ETHUSDT,900603724971951
2024-03-08 23:03:52,REALIZED_PNL,4.351,USDT,BTCUSDT,900304706446494
2024-03-08 23:03:52,COMMISSION,-0.0680505,USDT,BTCUSDT,900304706446494
2024-03-09 13:46:27,COMMISSION,-0.07982499,USDT,ETHUSDT,900613726202682
2024-03-09 21:00:00,FUNDING_FEE,-0.13963288,USDT,ETHUSDT,8189965774789802691
2024-03-10 03:25:01,COMMISSION,-0.04526319,USDT,ETHUSDT,900603727400139
2024-03-10 03:25:01,REALIZED_PNL,1.40139,USDT,ETHUSDT,900603727400139
2024-03-10 03:25:01,REALIZED_PNL,4.8744,USDT,ETHUSDT,900603727400140
2024-03-10 03:25:01,COMMISSION,-0.1574372,USDT,ETHUSDT,900603727400140
2024-03-10 03:31:44,COMMISSION,-0.05980622,USDT,ETHUSDT,900613727406430
2024-03-10 05:00:00,FUNDING_FEE,-0.14816671,USDT,ETHUSDT,8191173735264548881
2024-03-10 11:40:32,COMMISSION,-0.055292,USDT,BTCUSDT,900314709994183
2024-03-10 13:00:00,FUNDING_FEE,-0.15091707,USDT,BTCUSDT,8192381689993100521
2024-03-10 13:00:00,FUNDING_FEE,-0.08806328,USDT,ETHUSDT,8192381694397112721
2024-03-10 21:00:00,FUNDING_FEE,-0.09794964,USDT,BTCUSDT,8193589652564992451
2024-03-10 21:00:00,FUNDING_FEE,-0.08662178,USDT,ETHUSDT,8193589656885127981
2024-03-11 05:00:00,FUNDING_FEE,-0.22337406,USDT,BTCUSDT,8194797614339980171
2024-03-11 05:00:00,FUNDING_FEE,-0.20507091,USDT,ETHUSDT,8194797618702050211
2024-03-11 13:00:00,FUNDING_FEE,-0.19137026,USDT,BTCUSDT,8196005572088424991
2024-03-11 13:00:00,FUNDING_FEE,-0.19645473,USDT,ETHUSDT,8196005585929628631
2024-03-11 21:00:00,FUNDING_FEE,-0.12834735,USDT,BTCUSDT,8197213540784009981
2024-03-11 21:00:00,FUNDING_FEE,-0.21069239,USDT,ETHUSDT,8197213545397740371
2024-03-12 01:02:14,COMMISSION,-0.15328059,USDT,ETHUSDT,900603735809904
2024-03-12 01:02:14,REALIZED_PNL,7.53008,USDT,ETHUSDT,900603735809904
2024-03-12 01:02:28,COMMISSION,-0.14323359,USDT,BTCUSDT,900304718215793
2024-03-12 01:02:28,REALIZED_PNL,10.0072,USDT,BTCUSDT,900304718215793
2024-03-12 05:13:19,COMMISSION,-0.069513,USDT,ETHUSDT,900613736388715
2024-03-12 12:00:28,COMMISSION,-0.0572928,USDT,BTCUSDT,900314720893836
2024-03-12 13:00:00,FUNDING_FEE,-0.13761438,USDT,BTCUSDT,8199629457497258341
2024-03-12 13:00:00,FUNDING_FEE,-0.16776043,USDT,ETHUSDT,8199629462110992121
2024-03-12 21:00:00,FUNDING_FEE,-0.09502967,USDT,BTCUSDT,8200837429506339291
2024-03-12 21:00:00,FUNDING_FEE,-0.16284309,USDT,ETHUSDT,8200837434120074771
2024-03-13 05:00:01,FUNDING_FEE,-0.18800883,USDT,BTCUSDT,8202045413972504061
2024-03-13 05:00:01,FUNDING_FEE,-0.21148392,USDT,ETHUSDT,8202045418586235351
2024-03-13 13:00:00,FUNDING_FEE,-0.13197489,USDT,BTCUSDT,8203253328309908871
2024-03-13 13:00:00,FUNDING_FEE,-0.15264077,USDT,ETHUSDT,8203253342025282951
2024-03-13 21:00:00,FUNDING_FEE,-0.07134533,USDT,BTCUSDT,8204461299647898651
2024-03-13 21:00:00,FUNDING_FEE,-0.14297192,USDT,ETHUSDT,8204461304303575611
2024-03-14 05:00:00,FUNDING_FEE,-0.11359387,USDT,BTCUSDT,8205669276019057751
2024-03-14 05:00:01,FUNDING_FEE,-0.17380976,USDT,ETHUSDT,8205669280716684411
2024-03-14 13:00:00,FUNDING_FEE,-0.10850642,USDT,BTCUSDT,8206877208895288941
2024-03-14 13:00:00,FUNDING_FEE,-0.11791031,USDT,ETHUSDT,8206877225462789071
2024-03-14 21:00:00,FUNDING_FEE,-0.11008083,USDT,BTCUSDT,8208085178681386841
2024-03-14 21:00:00,FUNDING_FEE,-0.13611396,USDT,ETHUSDT,8208085183546783391
2024-03-15 05:00:00,FUNDING_FEE,-0.03925149,USDT,BTCUSDT,8209293148425546611
2024-03-15 05:00:01,FUNDING_FEE,-0.07571795,USDT,ETHUSDT,8209293153374822671
2024-03-15 13:00:00,FUNDING_FEE,-0.04174932,USDT,BTCUSDT,8210501082056747151
2024-03-15 13:00:00,FUNDING_FEE,-0.10777357,USDT,ETHUSDT,8210501099672827811
2024-03-15 21:00:00,FUNDING_FEE,-0.02780715,USDT,BTCUSDT,8211709045803052281
2024-03-15 21:00:00,FUNDING_FEE,-0.0614147,USDT,ETHUSDT,8211709050332902221
2024-03-16 05:00:00,FUNDING_FEE,-0.06448057,USDT,BTCUSDT,8212917003467618351
2024-03-16 05:00:00,FUNDING_FEE,-0.08951698,USDT,ETHUSDT,8212917008165233821
2024-03-16 13:00:00,FUNDING_FEE,-0.05696388,USDT,BTCUSDT,8214124962348525211
2024-03-16 13:00:00,FUNDING_FEE,-0.09260854,USDT,ETHUSDT,8214124975854184011
2024-03-16 21:00:00,FUNDING_FEE,-0.03421511,USDT,BTCUSDT,8215332924836541331
2024-03-16 21:00:00,FUNDING_FEE,-0.04108882,USDT,ETHUSDT,8215332929576101941
2024-03-17 05:00:00,FUNDING_FEE,-0.04669933,USDT,BTCUSDT,8216540883885220131
2024-03-17 05:00:00,FUNDING_FEE,-0.03574155,USDT,ETHUSDT,8216540888582846411
2024-03-17 13:00:00,FUNDING_FEE,-0.06753636,USDT,BTCUSDT,8217748845869921471
2024-03-17 13:00:00,FUNDING_FEE,-0.09592938,USDT,ETHUSDT,8217748850483650681
2024-03-17 21:00:00,FUNDING_FEE,-0.05525396,USDT,BTCUSDT,8218956804247515631
2024-03-17 21:00:00,FUNDING_FEE,-0.05490353,USDT,ETHUSDT,8218956808777361961
2024-03-18 05:00:00,FUNDING_FEE,-0.08354154,USDT,BTCUSDT,8220164773362529741
2024-03-18 05:00:00,FUNDING_FEE,-0.08332568,USDT,ETHUSDT,8220164777934317031
2024-03-18 13:00:00,FUNDING_FEE,-0.07343639,USDT,BTCUSDT,8221372724358146631
2024-03-18 13:00:00,FUNDING_FEE,-0.0908758,USDT,ETHUSDT,8221372739205981701
2024-03-18 21:00:00,FUNDING_FEE,-0.07285161,USDT,BTCUSDT,8222580693808701481
2024-03-18 21:00:00,FUNDING_FEE,-0.08627207,USDT,ETHUSDT,8222580698380493961
2024-03-19 05:00:00,FUNDING_FEE,-0.0752653,USDT,BTCUSDT,8223788637925665651
2024-03-19 05:00:00,FUNDING_FEE,-0.06817516,USDT,ETHUSDT,8223788653025157461
2024-03-19 05:55:03,REALIZED_PNL,-66.20265,USDT,ETHUSDT,900603774762202
2024-03-19 05:55:03,INSURANCE_CLEAR,-0.99195911,USDT,ETHUSDT,8223927195835555840
2024-03-19 13:00:00,FUNDING_FEE,-0.06156365,USDT,BTCUSDT,8224996602259172131
2024-03-19 21:00:00,FUNDING_FEE,-0.03928407,USDT,BTCUSDT,8226204570535328801
2024-03-20 05:00:00,FUNDING_FEE,-0.04633518,USDT,BTCUSDT,8227412522579517551
2024-03-20 13:00:00,FUNDING_FEE,-0.02545656,USDT,BTCUSDT,8228620478188878011
2024-03-20 21:00:00,FUNDING_FEE,-0.02823944,USDT,BTCUSDT,8229828434720978461
2024-03-21 05:00:00,FUNDING_FEE,-0.05175799,USDT,BTCUSDT,8231036394231029781
2024-03-21 13:00:00,FUNDING_FEE,-0.05196629,USDT,BTCUSDT,8232244364101019361
2024-03-21 21:00:00,FUNDING_FEE,-0.0426552,USDT,BTCUSDT,8233452318158485971
2024-03-22 05:00:00,FUNDING_FEE,-0.02648685,USDT,BTCUSDT,8234660272887036171
2024-03-22 13:00:00,FUNDING_FEE,-0.03065623,USDT,BTCUSDT,8235868242924789961
2024-03-22 21:00:00,FUNDING_FEE,-0.02552534,USDT,BTCUSDT,8237076205286977941
2024-03-23 05:00:00,FUNDING_FEE,-0.0258426,USDT,BTCUSDT,8238284162699879931
2024-03-23 13:00:00,FUNDING_FEE,-0.02815685,USDT,BTCUSDT,8239492131269638171
2024-03-23 21:00:00,FUNDING_FEE,-0.02650696,USDT,BTCUSDT,8240700085075442681
2024-03-24 05:00:00,FUNDING_FEE,-0.03778072,USDT,BTCUSDT,8241908048905632221
2024-03-24 13:00:00,FUNDING_FEE,-0.0417501,USDT,BTCUSDT,8243116021795512331
2024-03-24 21:00:01,FUNDING_FEE,-0.06873268,USDT,BTCUSDT,8244323986842054821
2024-03-25 05:00:00,FUNDING_FEE,-0.04366121,USDT,BTCUSDT,8245531913175167381
2024-03-25 13:00:00,FUNDING_FEE,-0.08049445,USDT,BTCUSDT,8246739868742574681
2024-03-25 21:00:00,FUNDING_FEE,-0.06142655,USDT,BTCUSDT,8247947829552865531
2024-03-26 05:00:00,FUNDING_FEE,-0.05175364,USDT,BTCUSDT,8249155795144666381
2024-03-26 13:00:00,FUNDING_FEE,-0.07526796,USDT,BTCUSDT,8250363753857809381
2024-03-26 21:00:00,FUNDING_FEE,-0.0805654,USDT,BTCUSDT,8251571718107424221
2024-03-27 05:00:00,FUNDING_FEE,-0.08247815,USDT,BTCUSDT,8252779687683810261
2024-03-27 13:00:01,FUNDING_FEE,-0.12028489,USDT,BTCUSDT,8253987660028440051
2024-03-27 21:00:01,FUNDING_FEE,-0.06729365,USDT,BTCUSDT,8255195650324688041
2024-03-28 05:00:02,FUNDING_FEE,-0.08425436,USDT,BTCUSDT,8256403657691753031
2024-03-28 13:00:00,FUNDING_FEE,-0.08395792,USDT,BTCUSDT,8257611509575968001
2024-03-28 21:00:00,FUNDING_FEE,-0.05170851,USDT,BTCUSDT,8258819464430347841
2024-03-29 05:00:00,FUNDING_FEE,-0.07112748,USDT,BTCUSDT,8260027436019999541
2024-03-29 13:00:00,FUNDING_FEE,-0.08353383,USDT,BTCUSDT,8261235383618232961
2024-03-29 21:00:00,FUNDING_FEE,-0.0548677,USDT,BTCUSDT,8262443354159309531
2024-03-30 05:00:00,FUNDING_FEE,-0.09022111,USDT,BTCUSDT,8263651320715803411
2024-03-30 13:00:00,FUNDING_FEE,-0.09628733,USDT,BTCUSDT,8264859290040528871
2024-03-30 21:00:00,FUNDING_FEE,-0.09011224,USDT,BTCUSDT,8266067222035953451
2024-03-31 05:00:00,FUNDING_FEE,-0.11225364,USDT,BTCUSDT,8267275182678469621
2024-03-31 13:00:00,FUNDING_FEE,-0.11356193,USDT,BTCUSDT,8268483146592543401
2024-03-31 21:00:00,FUNDING_FEE,-0.20027597,USDT,BTCUSDT,8269691109374158711
2024-04-01 05:00:00,FUNDING_FEE,-0.09328733,USDT,BTCUSDT,8270899060873098151
2024-04-01 13:00:00,FUNDING_FEE,-0.07502864,USDT,BTCUSDT,8272107033930758751
2024-04-01 21:00:00,FUNDING_FEE,-0.03046168,USDT,BTCUSDT,8273315002836055941
2024-04-02 05:00:01,FUNDING_FEE,-0.02660051,USDT,BTCUSDT,8274522977235886831
2024-04-02 13:00:00,FUNDING_FEE,-0.04273436,USDT,BTCUSDT,8275730905372554541
2024-04-02 21:00:00,FUNDING_FEE,-0.02619558,USDT,BTCUSDT,8276938857752289741
2024-04-03 05:00:00,FUNDING_FEE,-0.02646902,USDT,BTCUSDT,8278146821163050951
2024-04-03 13:00:00,FUNDING_FEE,-0.02634695,USDT,BTCUSDT,8279354779834250981
2024-04-03 21:00:00,FUNDING_FEE,-0.0263886,USDT,BTCUSDT,8280562750249497601
2024-04-04 05:00:01,FUNDING_FEE,-0.02643899,USDT,BTCUSDT,8281770732828228161
2024-04-04 13:00:00,FUNDING_FEE,-0.02705268,USDT,BTCUSDT,8282978656225327851
2024-04-04 21:00:00,FUNDING_FEE,-0.02739592,USDT,BTCUSDT,8284186616616188761
2024-04-05 05:00:00,FUNDING_FEE,-0.02677255,USDT,BTCUSDT,8285394580823864191
2024-04-05 13:00:00,FUNDING_FEE,-0.02728295,USDT,BTCUSDT,8286602547841721581
2024-04-05 21:00:00,FUNDING_FEE,-0.02712939,USDT,BTCUSDT,8287810511546083921
2024-04-06 05:00:00,FUNDING_FEE,-0.02719408,USDT,BTCUSDT,8289018478102569191
2024-04-06 13:00:00,FUNDING_FEE,-0.0272376,USDT,BTCUSDT,8290226412237091931
2024-04-06 21:00:00,FUNDING_FEE,-0.02755687,USDT,BTCUSDT,8291434385420577091
2024-04-07 05:00:00,FUNDING_FEE,-0.02774695,USDT,BTCUSDT,8292642359820414021
2024-04-07 13:00:01,FUNDING_FEE,-0.02782413,USDT,BTCUSDT,8293850331158409111
2024-04-07 21:00:01,FUNDING_FEE,-0.02774508,USDT,BTCUSDT,8295058308242601711
2024-04-08 05:00:02,FUNDING_FEE,-0.02829076,USDT,BTCUSDT,8296266286165652531
2024-04-08 11:00:29,COMMISSION,-0.1440684,USDT,BTCUSDT,900304850837143
2024-04-08 11:00:29,REALIZED_PNL,1.6728,USDT,BTCUSDT,900304850837143
2024-04-10 09:37:07,COMMISSION,-0.0272,USDT,BTCUSDT,900314859942801
2024-04-10 11:02:38,COMMISSION,-0.0681313,USDT,BTCUSDT,900304860700265
2024-04-10 11:02:38,REALIZED_PNL,0.2626,USDT,BTCUSDT,900304860700265
2024-04-12 15:33:18,COMMISSION,-0.0396,USDT,BTCUSDT,900314871576155
2024-04-12 21:00:00,FUNDING_FEE,-0.02014467,USDT,BTCUSDT,8313177645360870401
2024-04-13 05:00:00,FUNDING_FEE,-0.02023983,USDT,BTCUSDT,8314385603780403861
2024-04-13 13:00:00,FUNDING_FEE,-0.02030493,USDT,BTCUSDT,8315593565555390581
2024-04-13 21:00:00,FUNDING_FEE,-0.0191775,USDT,BTCUSDT,8316801521584174741
2024-04-14 05:00:00,FUNDING_FEE,-0.01933669,USDT,BTCUSDT,8318009482016976781
2024-04-14 13:00:00,FUNDING_FEE,-0.01924926,USDT,BTCUSDT,8319217444085561981
2024-04-14 21:00:00,FUNDING_FEE,-0.01968731,USDT,BTCUSDT,8320425402547041311
2024-04-15 05:00:00,FUNDING_FEE,-0.00349525,USDT,BTCUSDT,8321633361181988541
2024-04-15 13:00:00,FUNDING_FEE,-0.01936374,USDT,BTCUSDT,8322841322118107111
2024-04-15 21:00:00,FUNDING_FEE,-0.01132132,USDT,BTCUSDT,8324049281586218691
2024-04-16 05:00:00,FUNDING_FEE,-0.01814166,USDT,BTCUSDT,8325257236356712911
2024-04-16 13:00:00,FUNDING_FEE,-0.00650815,USDT,BTCUSDT,8326465198551127531
2024-04-16 21:00:00,FUNDING_FEE,-0.01219708,USDT,BTCUSDT,8327673167624195591
2024-04-17 05:00:00,FUNDING_FEE,-0.00678244,USDT,BTCUSDT,8328881122898009541
2024-04-17 13:00:00,FUNDING_FEE,-0.01181623,USDT,BTCUSDT,8330089074354998471
2024-04-17 21:00:00,FUNDING_FEE,-0.01274767,USDT,BTCUSDT,8331297044266928451
2024-04-18 05:00:00,FUNDING_FEE,-0.01097482,USDT,BTCUSDT,8332504998408277641
2024-04-18 13:00:00,FUNDING_FEE,0.00634866,USDT,BTCUSDT,8333712952759337351
2024-04-18 21:00:00,FUNDING_FEE,0.00593845,USDT,BTCUSDT,8334920920490230331
2024-04-19 05:00:00,FUNDING_FEE,-0.0128539,USDT,BTCUSDT,8336128871821399291
2024-04-19 13:00:00,FUNDING_FEE,-0.01136468,USDT,BTCUSDT,8337336840516980841
2024-04-19 21:00:00,FUNDING_FEE,-0.01913622,USDT,BTCUSDT,8338544808080104281
2024-04-20 05:00:00,FUNDING_FEE,0.00146929,USDT,BTCUSDT,8339752774510757411
2024-04-20 13:00:00,FUNDING_FEE,-0.00816998,USDT,BTCUSDT,8340960743583827931
2024-04-20 21:00:01,FUNDING_FEE,-0.00620363,USDT,BTCUSDT,8342168711482493571
2024-04-21 05:00:01,FUNDING_FEE,0.00408826,USDT,BTCUSDT,8343376696997239821
2024-04-21 13:00:00,FUNDING_FEE,-0.01613247,USDT,BTCUSDT,8344584596444861111
2024-04-21 21:00:00,FUNDING_FEE,-0.00858598,USDT,BTCUSDT,8345792567573139501
2024-04-22 05:00:00,FUNDING_FEE,-0.00493985,USDT,BTCUSDT,8347000508670202171
2024-04-22 13:00:00,FUNDING_FEE,-0.00177707,USDT,BTCUSDT,8348208469103006501
2024-04-22 21:00:00,FUNDING_FEE,0.00247651,USDT,BTCUSDT,8349416437882471431
2024-04-23 01:04:49,REALIZED_PNL,1.4832,USDT,BTCUSDT,900304926396215
2024-04-23 01:04:49,COMMISSION,-0.0997416,USDT,BTCUSDT,900304926396215
2024-04-24 11:33:49,COMMISSION,-0.039075,USDT,BTCUSDT,900314930780293
2024-04-24 13:00:00,FUNDING_FEE,-0.01365683,USDT,BTCUSDT,8355456234761672011
2024-04-24 21:00:00,FUNDING_FEE,-0.01353219,USDT,BTCUSDT,8356664199850151041
2024-04-25 05:00:00,FUNDING_FEE,-0.00781141,USDT,BTCUSDT,8357872172740039091
2024-04-25 13:00:01,FUNDING_FEE,-0.00219232,USDT,BTCUSDT,8359080155947912001
2024-04-25 21:00:00,FUNDING_FEE,-0.00330582,USDT,BTCUSDT,8360288066971812731
2024-04-26 05:00:00,FUNDING_FEE,-0.00132009,USDT,BTCUSDT,8361496035877116581
2024-04-26 13:00:00,FUNDING_FEE,-0.01059248,USDT,BTCUSDT,8362703982217057981
2024-04-26 21:00:00,FUNDING_FEE,-0.01912464,USDT,BTCUSDT,8363911941475458261
2024-04-27 05:00:00,FUNDING_FEE,-0.01410579,USDT,BTCUSDT,8365119906941422421
2024-04-27 13:00:00,FUNDING_FEE,-0.00535034,USDT,BTCUSDT,8366327860914998511
2024-04-27 21:00:00,FUNDING_FEE,-0.00191421,USDT,BTCUSDT,8367535820383112491
2024-04-28 05:00:00,FUNDING_FEE,0.00398822,USDT,BTCUSDT,8368743781025630281
2024-04-28 13:00:00,FUNDING_FEE,-0.00530042,USDT,BTCUSDT,8369951741458433151
2024-04-28 21:00:00,FUNDING_FEE,-0.00467863,USDT,BTCUSDT,8371159699332711571
2024-04-29 05:00:00,FUNDING_FEE,-0.01037292,USDT,BTCUSDT,8372367659052484801
2024-04-29 10:40:07,COMMISSION,-0.09938708,USDT,ETHUSDT,900613951231925
2024-04-29 13:00:00,FUNDING_FEE,-0.01290737,USDT,BTCUSDT,8373575628712756131
2024-04-29 13:00:00,FUNDING_FEE,-0.03024674,USDT,ETHUSDT,8373575636262504821
2024-04-29 13:53:54,COMMISSION,-0.25094731,USDT,ETHUSDT,900603952002486
2024-04-29 13:53:54,REALIZED_PNL,4.95921,USDT,ETHUSDT,900603952002486
2024-04-29 21:00:00,FUNDING_FEE,-0.01865176,USDT,BTCUSDT,8374783595814508011
2024-04-30 05:00:00,FUNDING_FEE,-0.01733503,USDT,BTCUSDT,8375991565307002901
2024-04-30 05:32:29,COMMISSION,-0.09938708,USDT,ETHUSDT,900613954123226
2024-04-30 13:00:00,FUNDING_FEE,-0.01823139,USDT,BTCUSDT,8377199502755027421
2024-04-30 13:00:00,FUNDING_FEE,-0.01849624,USDT,ETHUSDT,8377199519825839431
2024-04-30 21:00:00,FUNDING_FEE,-0.01819533,USDT,BTCUSDT,8378407468934027451
2024-04-30 21:00:00,FUNDING_FEE,-0.00893338,USDT,ETHUSDT,8378407476945148001
2024-05-01 04:08:55,INSURANCE_CLEAR,-0.00061469,USDT,ETHUSDT,8379486887706542180
2024-05-01 04:08:55,REALIZED_PNL,-35.36796,USDT,ETHUSDT,900603959885183
2024-05-01 05:00:00,FUNDING_FEE,-0.01542559,USDT,BTCUSDT,8379615438929843961
2024-05-01 13:00:00,FUNDING_FEE,-0.01689239,USDT,BTCUSDT,8380823375706771071
2024-05-01 21:00:00,FUNDING_FEE,-0.01160527,USDT,BTCUSDT,8382031348764428091
2024-05-02 05:00:00,FUNDING_FEE,-0.01066855,USDT,BTCUSDT,8383239294642995931
2024-05-02 13:00:00,FUNDING_FEE,0.00021855,USDT,BTCUSDT,8384447267784542511
2024-05-02 21:00:00,FUNDING_FEE,0.00274345,USDT,BTCUSDT,8385655223310015691
2024-05-03 05:00:00,FUNDING_FEE,0.00668013,USDT,BTCUSDT,8386863200981405211
2024-05-03 13:00:00,FUNDING_FEE,-0.01496724,USDT,BTCUSDT,8388071142414009221
2024-05-03 21:00:00,FUNDING_FEE,-0.0050968,USDT,BTCUSDT,8389279111822626491
2024-05-04 05:00:00,FUNDING_FEE,-0.01407513,USDT,BTCUSDT,8390487083915596971
2024-05-04 13:00:01,FUNDING_FEE,-0.01195174,USDT,BTCUSDT,8391695059615663521
2024-05-04 21:00:00,FUNDING_FEE,-0.01323138,USDT,BTCUSDT,8392902974078894161
2024-05-05 05:00:00,FUNDING_FEE,-0.00123647,USDT,BTCUSDT,8394110940257898831
2024-05-05 13:00:00,FUNDING_FEE,-0.00752105,USDT,BTCUSDT,8395318911512007191
2024-05-05 21:00:00,FUNDING_FEE,-0.00115562,USDT,BTCUSDT,8396526879830098951
2024-05-06 05:00:00,FUNDING_FEE,0.0019953,USDT,BTCUSDT,8397734813036182381
2024-05-06 13:00:00,FUNDING_FEE,-0.01478119,USDT,BTCUSDT,8398942785296922211
2024-05-06 21:00:00,FUNDING_FEE,-0.01148693,USDT,BTCUSDT,8400150752860039041
2024-05-07 05:00:00,FUNDING_FEE,-0.00301887,USDT,BTCUSDT,8401358720255390751
2024-05-07 13:00:01,FUNDING_FEE,-0.01725681,USDT,BTCUSDT,8402566688615425951
2024-05-07 21:00:01,FUNDING_FEE,-0.00914067,USDT,BTCUSDT,8403774684028726271
2024-05-08 05:00:02,FUNDING_FEE,-0.01035968,USDT,BTCUSDT,8404982665936365301
2024-05-08 13:00:00,FUNDING_FEE,-0.01735333,USDT,BTCUSDT,8406190526460850161
2024-05-08 21:00:00,FUNDING_FEE,-0.01036337,USDT,BTCUSDT,8407398491800991791
2024-05-09 05:00:00,FUNDING_FEE,-0.00608909,USDT,BTCUSDT,8408606445271251221
2024-05-09 13:00:00,FUNDING_FEE,-0.01351772,USDT,BTCUSDT,8409814407801204681
2024-05-09 21:00:00,FUNDING_FEE,-0.00194068,USDT,BTCUSDT,8411022365339935551
2024-05-10 05:00:00,FUNDING_FEE,-0.01122483,USDT,BTCUSDT,8412230333028891421
2024-05-10 13:00:00,FUNDING_FEE,-0.01398259,USDT,BTCUSDT,8413438303695790691
2024-05-10 21:00:00,FUNDING_FEE,-0.0161931,USDT,BTCUSDT,8414646272391378641
2024-05-11 05:00:01,FUNDING_FEE,-0.00689976,USDT,BTCUSDT,8415854243687427311
2024-05-11 13:00:00,FUNDING_FEE,-0.00929512,USDT,BTCUSDT,8417062164190456551
2024-05-11 21:00:00,FUNDING_FEE,-0.00475041,USDT,BTCUSDT,8418270131627746581
2024-05-12 05:00:00,FUNDING_FEE,-0.00516229,USDT,BTCUSDT,8419478100281389161
2024-05-12 13:00:00,FUNDING_FEE,-0.01841877,USDT,BTCUSDT,8420686068054223041
2024-05-12 20:19:36,COMMISSION,-0.0596,USDT,WLDUSDT,94971463812838
2024-05-12 21:00:00,FUNDING_FEE,-0.01843671,USDT,BTCUSDT,8421894005879727651
2024-05-12 21:00:03,FUNDING_FEE,-0.029751,USDT,WLDUSDT,8421894107297998860
2024-05-13 05:00:00,FUNDING_FEE,-0.0158305,USDT,BTCUSDT,8423101977427441721
2024-05-13 05:00:04,FUNDING_FEE,-0.02010671,USDT,WLDUSDT,8423102074525575980
2024-05-13 13:00:00,FUNDING_FEE,-0.0172891,USDT,BTCUSDT,8424309924522353291
2024-05-13 13:00:03,FUNDING_FEE,-0.029122,USDT,WLDUSDT,8424310022459353950
2024-05-13 21:00:00,FUNDING_FEE,-0.01862235,USDT,BTCUSDT,8425517893679314641
2024-05-13 21:00:03,FUNDING_FEE,0.00319528,USDT,WLDUSDT,8425517990358023450
2024-05-14 03:18:20,REALIZED_PNL,-22.0374,USDT,WLDUSDT,94970468108672
2024-05-14 03:18:20,INSURANCE_CLEAR,-1.33524248,USDT,WLDUSDT,8426470006223790080
2024-05-14 03:18:20,REALIZED_PNL,-4.0795,USDT,WLDUSDT,94970468108670
2024-05-14 03:18:20,REALIZED_PNL,-14.6916,USDT,WLDUSDT,94970468108671
2024-05-14 05:00:00,FUNDING_FEE,-0.01860094,USDT,BTCUSDT,8426725860613290131
2024-05-14 13:00:00,FUNDING_FEE,-0.00813616,USDT,BTCUSDT,8427933804562478021
2024-05-14 21:00:00,FUNDING_FEE,-0.01846558,USDT,BTCUSDT,8429141776277954591
2024-05-15 05:00:00,FUNDING_FEE,0.00071796,USDT,BTCUSDT,8430349747196521911
2024-05-15 13:00:01,FUNDING_FEE,-0.00460598,USDT,BTCUSDT,8431557724196827781
2024-05-15 21:00:02,FUNDING_FEE,-0.00417506,USDT,BTCUSDT,8432765719400409681
2024-05-16 05:00:00,FUNDING_FEE,-0.01020951,USDT,BTCUSDT,8433973604042140721
2024-05-16 13:00:00,FUNDING_FEE,-0.00699388,USDT,BTCUSDT,8435181562587512221
2024-05-16 21:00:00,FUNDING_FEE,-0.00909201,USDT,BTCUSDT,8436389528472909461
2024-05-17 05:00:00,FUNDING_FEE,-0.00162232,USDT,BTCUSDT,8437597499643129761
2024-05-17 13:00:00,FUNDING_FEE,0.00060046,USDT,BTCUSDT,8438805467122365571
2024-05-17 13:31:42,REALIZED_PNL,6.0759,USDT,BTCUSDT,900305017882145
2024-05-17 13:31:42,COMMISSION,-0.10072545,USDT,BTCUSDT,900305017882145
2024-06-14 14:04:00,COMMISSION,-0.039075,USDT,BTCUSDT,900315088328916
2024-06-14 21:00:00,FUNDING_FEE,-0.0198119,USDT,BTCUSDT,8541482024848058990
2024-06-15 05:00:01,FUNDING_FEE,-0.01982306,USDT,BTCUSDT,8542689996647427630
2024-06-15 13:00:00,FUNDING_FEE,-0.01989357,USDT,BTCUSDT,8543897921093103780
2024-06-15 21:00:00,FUNDING_FEE,-0.01986411,USDT,BTCUSDT,8545105888404562140
2024-06-16 05:00:00,FUNDING_FEE,-0.01987482,USDT,BTCUSDT,8546313857267923870
2024-06-16 13:00:00,FUNDING_FEE,-0.02000796,USDT,BTCUSDT,8547521826760420880
2024-06-16 21:00:01,FUNDING_FEE,-0.01999743,USDT,BTCUSDT,8548729794659087170
2024-06-17 05:00:01,FUNDING_FEE,-0.01984419,USDT,BTCUSDT,8549937789569068330
2024-06-17 13:00:00,FUNDING_FEE,-0.01960257,USDT,BTCUSDT,8551145675762689200
2024-06-17 21:00:00,FUNDING_FEE,-0.0199416,USDT,BTCUSDT,8552353646094055830
2024-06-18 05:00:00,FUNDING_FEE,-0.01621988,USDT,BTCUSDT,8553561602038952610
2024-06-18 13:00:00,FUNDING_FEE,-0.01940292,USDT,BTCUSDT,8554769553663718100
2024-06-18 21:00:00,FUNDING_FEE,-0.019545,USDT,BTCUSDT,8555977523953135090
2024-06-19 05:00:00,FUNDING_FEE,-0.00808417,USDT,BTCUSDT,8557185469921283040
2024-06-19 13:00:00,FUNDING_FEE,-0.00577634,USDT,BTCUSDT,8558393438994356660
2024-06-19 21:00:00,FUNDING_FEE,-0.00766496,USDT,BTCUSDT,8559601409367657820
2024-06-20 05:00:00,FUNDING_FEE,-0.01175681,USDT,BTCUSDT,8560809352939361530
2024-06-20 13:00:00,FUNDING_FEE,-0.01337299,USDT,BTCUSDT,8562017314714339000
2024-06-20 21:00:00,FUNDING_FEE,-0.00650614,USDT,BTCUSDT,8563225281941915330
2024-06-21 05:00:00,FUNDING_FEE,-0.0141095,USDT,BTCUSDT,8564433237928762820
2024-06-21 13:00:00,FUNDING_FEE,-0.0191136,USDT,BTCUSDT,8565641211280016690
2024-06-21 21:00:00,FUNDING_FEE,-0.0192372,USDT,BTCUSDT,8566849180227259990
2024-06-22 05:00:01,FUNDING_FEE,-0.00802127,USDT,BTCUSDT,8568057177066624050
2024-06-22 13:00:02,FUNDING_FEE,-0.01928504,USDT,BTCUSDT,8569265165894862720
2024-06-22 21:00:00,FUNDING_FEE,-0.01927275,USDT,BTCUSDT,8570473036234021220
2024-06-23 05:00:00,FUNDING_FEE,-0.00445643,USDT,BTCUSDT,8571681013024607450
2024-06-23 13:00:01,FUNDING_FEE,-0.00898799,USDT,BTCUSDT,8572888989395766130
2024-06-23 21:00:00,FUNDING_FEE,-0.01807503,USDT,BTCUSDT,8574096914848077270
2024-06-24 05:00:00,FUNDING_FEE,-0.01873011,USDT,BTCUSDT,8575304885347211950
2024-06-24 13:00:01,FUNDING_FEE,-0.01366332,USDT,BTCUSDT,8576512865996560000
2024-06-24 21:00:00,FUNDING_FEE,-0.0134657,USDT,BTCUSDT,8577720793504076850
2024-06-25 05:00:00,FUNDING_FEE,-0.01082599,USDT,BTCUSDT,8578928760899423520
2024-06-25 13:00:00,FUNDING_FEE,-0.01436662,USDT,BTCUSDT,8580136729636951880
2024-06-25 13:01:25,COMMISSION,-0.019936,USDT,IOUSDT,9711137916546
2024-06-25 17:00:01,FUNDING_FEE,-0.0050036,USDT,IOUSDT,8580740734410999421
2024-06-25 21:00:01,FUNDING_FEE,-0.01853402,USDT,BTCUSDT,8581344702568782690
2024-06-25 21:00:05,FUNDING_FEE,-0.004991,USDT,IOUSDT,8581344824035823951
2024-06-26 01:00:01,FUNDING_FEE,-0.00494257,USDT,IOUSDT,8581948694130771541
2024-06-26 05:00:00,FUNDING_FEE,-0.01851159,USDT,BTCUSDT,8582552629279379250
2024-06-26 05:00:04,FUNDING_FEE,-0.00495918,USDT,IOUSDT,8582552748984811581
2024-06-26 09:00:01,FUNDING_FEE,-0.00505269,USDT,IOUSDT,8583156639464084321
2024-06-26 13:00:00,FUNDING_FEE,-0.01843206,USDT,BTCUSDT,8583760585308162410
2024-06-26 13:00:04,FUNDING_FEE,-0.00509918,USDT,IOUSDT,8583760714954101291
2024-06-26 17:00:01,FUNDING_FEE,-0.00501809,USDT,IOUSDT,8584364597296417231
2024-06-26 21:00:00,FUNDING_FEE,-0.01825811,USDT,BTCUSDT,8584968554129578050
2024-06-26 21:00:05,FUNDING_FEE,-0.00490401,USDT,IOUSDT,8584968674757761401
2024-06-27 01:00:01,FUNDING_FEE,-0.0048888,USDT,IOUSDT,8585572562846272911
2024-06-27 05:00:00,FUNDING_FEE,-0.0182362,USDT,BTCUSDT,8586176524796484700
2024-06-27 05:00:05,FUNDING_FEE,-0.00483679,USDT,IOUSDT,8586176645676320171
2024-06-27 09:00:01,FUNDING_FEE,-0.00481521,USDT,IOUSDT,8586780530409396751
2024-06-27 13:00:00,FUNDING_FEE,-0.01847115,USDT,BTCUSDT,8587384494666471580
2024-06-27 13:00:05,FUNDING_FEE,-0.00516038,USDT,IOUSDT,8587384615126881501
2024-06-27 17:00:01,FUNDING_FEE,-0.00513973,USDT,IOUSDT,8587988497804742781
2024-06-27 21:00:01,FUNDING_FEE,-0.0185046,USDT,BTCUSDT,8588592469989053870
2024-06-27 21:00:05,FUNDING_FEE,-0.00509175,USDT,IOUSDT,8588592591959414701
2024-06-28 01:00:01,FUNDING_FEE,-0.00504055,USDT,IOUSDT,8589196451358885851
2024-06-28 05:00:00,FUNDING_FEE,-0.0183993,USDT,BTCUSDT,8589800387849670930
2024-06-28 05:00:04,FUNDING_FEE,-0.00485761,USDT,IOUSDT,8589800508897284691
2024-06-28 09:00:01,FUNDING_FEE,-0.0047648,USDT,IOUSDT,8590404405080803451
2024-06-28 13:00:00,FUNDING_FEE,-0.01831468,USDT,BTCUSDT,8591008341361875680
2024-06-28 13:00:04,FUNDING_FEE,-0.00468145,USDT,IOUSDT,8591008473608275631
2024-06-28 17:00:01,FUNDING_FEE,-0.00461198,USDT,IOUSDT,8591612352888751381
2024-06-28 21:00:00,FUNDING_FEE,-0.01812906,USDT,BTCUSDT,8592216311651291910
2024-06-28 21:00:04,FUNDING_FEE,-0.0045066,USDT,IOUSDT,8592216431692271201
2024-06-29 01:00:01,FUNDING_FEE,-0.00460434,USDT,IOUSDT,8592820317473922051
2024-06-29 05:00:00,FUNDING_FEE,-0.01831484,USDT,BTCUSDT,8593424280011326530
2024-06-29 05:00:04,FUNDING_FEE,-0.00466071,USDT,IOUSDT,8593424401562261211
2024-06-29 09:00:01,FUNDING_FEE,-0.00464735,USDT,IOUSDT,8594028284449835491
2024-06-29 13:00:00,FUNDING_FEE,-0.01833244,USDT,BTCUSDT,8594632247616389290
2024-06-29 13:00:05,FUNDING_FEE,-0.00457783,USDT,IOUSDT,8594632372103337851
2024-06-29 16:30:51,REALIZED_PNL,-10.668,USDT,IOUSDT,9711040636553
2024-06-29 16:30:51,INSURANCE_CLEAR,-1.24780272,USDT,IOUSDT,8595162837306490880
2024-06-29 21:00:01,FUNDING_FEE,-0.01829472,USDT,BTCUSDT,8595840217738040180
2024-06-30 05:00:01,FUNDING_FEE,-0.01845898,USDT,BTCUSDT,8597048200945914540
2024-06-30 13:00:00,FUNDING_FEE,-0.01851438,USDT,BTCUSDT,8598256100057991810
2024-06-30 21:00:00,FUNDING_FEE,-0.01882985,USDT,BTCUSDT,8599464065230358700
2024-07-01 05:00:00,FUNDING_FEE,-0.01897915,USDT,BTCUSDT,8600672037155557320
2024-07-01 13:00:00,FUNDING_FEE,-0.018936,USDT,BTCUSDT,8601879979133424790
2024-07-01 21:00:00,FUNDING_FEE,-0.01886773,USDT,BTCUSDT,8603087945857682140
